epoch,train_loss,train_accuracy,val_loss,val_accuracy,gradient_norm_mean,gradient_norm_std,gradient_norm_cv,learning_rate,batch_size,optimizer_updates,epoch_time_seconds,elapsed_seconds,next_batch_size,batch_changed,batch_stability_score,batch_is_stable,batch_plateau_detected,batch_no_improve_epochs,batch_cooldown_remaining,batch_controller_reason
1,4.157144901614719,5.915555555555556,3.919698268890381,9.24,2.1002116573560126,0.32395049439134904,0.15424659379284697,0.01,32,1407,4.156893157000013,4.1569099629996344,32,False,,False,False,0,0,insufficient_gradient_history
2,3.7519575636969673,11.282222222222222,3.6620806774139405,11.68,2.483090627930566,0.39203938969769836,0.15788364117191736,0.01,32,2814,3.93671645699942,8.097903023000072,32,False,,False,False,0,0,insufficient_gradient_history
3,3.4882076262580024,15.784444444444444,3.4979454975128172,15.62,2.827365778487205,0.4552175336805698,0.16100411808902032,0.01,32,4221,4.046666827000081,12.148927446000016,32,False,0.15771145101792822,True,False,0,0,validation_improving
4,3.299726896158854,19.30666666666667,3.463828924179077,17.98,3.062149113259929,0.4806539005065211,0.15696619685338103,0.01,32,5628,4.218811873999584,16.371978643000148,32,False,0.15861798537143956,True,False,0,0,validation_improving
5,3.152420729827881,21.88888888888889,3.3759581787109374,19.02,3.22832975069004,0.5150354288989863,0.1595361901270279,0.01,32,7035,4.170687455000007,20.547147311000117,32,False,0.15916883502314308,True,False,0,0,validation_improving
6,3.0465241909450955,24.253333333333334,3.174199184036255,21.66,3.269040935159831,0.4913757634785294,0.1503119028561062,0.01,32,8442,4.251926047000779,24.803414177000377,32,False,0.1556047632788384,True,False,0,0,validation_improving
7,2.9556223120795355,26.024444444444445,3.129290256881714,22.8,3.3429121454302604,0.49114983780030946,0.14692274772209052,0.01,32,9849,4.185985584000264,28.99371329800033,32,False,0.15225694690174155,True,False,0,0,validation_improving
8,2.8818332742055257,27.486666666666668,3.151480685043335,23.3,3.3419045617416048,0.4518530574403352,0.13520824700173983,0.01,32,11256,4.169670786999632,33.16772751999997,32,False,0.14414763252664553,True,False,1,0,validation_improving
9,2.830828203625149,28.8,3.1092446617126464,23.76,3.3668289020202136,0.47691234202849786,0.1416503053488083,0.01,32,12663,4.201064949000283,37.370594392000385,32,False,0.1412604333575462,True,False,0,0,validation_improving
10,2.7803828113979763,29.477777777777778,2.9265479892730712,26.62,3.3780045573730035,0.45337683974843096,0.13421439552493603,0.01,32,14070,4.211357909999606,41.58626860300046,32,False,0.1370243159584947,True,False,0,0,validation_improving
11,2.7293861031426325,30.68,3.0355977493286135,25.08,3.38462105946246,0.42136913934535025,0.12449521879774243,0.01,32,15477,4.255292242999531,45.845899879999706,32,False,0.13345330655716225,True,False,1,0,validation_improving
12,2.7015392164442273,30.944444444444443,2.9503145854949953,26.7,3.432947939647032,0.4645298841617663,0.13531515546646852,0.01,32,16884,4.303746606000459,50.151570199999696,32,False,0.13134158992971565,True,False,2,0,validation_improving
13,2.6598138733757866,31.72888888888889,2.88465947265625,27.66,3.453442928040375,0.4560282111628806,0.13205031056399058,0.01,32,18291,4.173293130000275,54.32668679000017,32,False,0.13062022827606717,True,False,0,0,validation_improving
14,2.630165939415826,32.471111111111114,2.8622942642211915,27.68,3.443716486040887,0.44285280067920474,0.1285973460574298,0.01,32,19698,4.274949554000159,58.60606959300003,32,False,0.1319876040292963,True,False,0,0,validation_improving
15,2.6066396177503797,33.028888888888886,2.8133867282867433,29.3,3.4731775831481455,0.4467724386140773,0.12863506916020884,0.01,32,21105,4.120605596000132,62.73154352199981,32,False,0.12976090859387643,True,False,0,0,validation_improving
16,2.5752189126756457,33.68888888888889,2.8346235496520995,29.2,3.4906233256813812,0.4535311387418762,0.12992841003639816,0.01,32,22512,4.11662335300025,66.85258547800004,32,False,0.12905360841801228,True,False,1,0,validation_improving
17,2.5587594954596624,34.00222222222222,2.8058520572662355,29.04,3.488292131342613,0.4560010944355458,0.13072331022341993,0.01,32,23919,4.436348652000561,71.29083899800025,32,False,0.12976226314000897,True,False,2,0,validation_improving
18,2.536489793395996,34.471111111111114,2.840588284301758,29.64,3.5079314989999584,0.4563824112764957,0.13010014916382237,0.01,32,25326,4.1701141660005305,75.465876665,64,True,0.1302506231412135,True,True,0,2,plateau_and_stable
19,2.3826089112175834,38.144444444444446,2.789601691818237,29.84,2.7147025906226854,0.3875492436328032,0.1427593744417381,0.01,64,26030,3.184333035000236,78.65218615100002,64,False,0.13452761127632681,True,False,0,1,cooldown
20,2.3684281120300295,38.18666666666667,2.727829284286499,31.2,2.9130511954426765,0.4132522659758416,0.1418623423516251,0.01,64,26734,3.1843576669998583,81.84116689799976,64,False,0.13824062198572853,True,False,0,0,cooldown
21,2.3590679309209186,38.44222222222222,2.6329887920379638,33.12,2.988913857462731,0.4058465242381716,0.13578394814715608,0.01,64,27438,3.3475602770004116,85.19332177700016,64,False,0.14013522164683975,True,False,0,0,validation_improving
22,2.3446334499782986,38.73111111111111,2.6160962284088134,33.72,3.028221868994561,0.42379548788614646,0.1399486253716001,0.01,64,28142,3.2898554490002425,88.48804917300004,64,False,0.13919830529012708,True,False,0,0,validation_improving
23,2.3383481715520222,38.83555555555556,2.652621212005615,33.16,3.116468568078496,0.3992346129721524,0.12810480973924218,0.01,64,28846,3.0826566830000957,91.5754968350002,64,False,0.13461246108599945,True,False,1,0,validation_improving
24,2.3332687088860404,38.913333333333334,2.6742343627929688,32.6,3.186419934711673,0.4461639821612075,0.14002045910544406,0.01,64,29550,3.210334976000013,94.78779800800021,64,False,0.13602463140542878,True,False,2,0,validation_improving
25,2.3197230951944987,39.306666666666665,2.6421897811889647,32.92,3.1822021403773264,0.4248871752240506,0.13351985715575457,0.01,64,30254,3.22487950499999,98.01481078600045,128,True,0.1338817086668136,True,True,0,2,plateau_and_stable
26,2.2250807064056395,41.504444444444445,2.6118628433227538,34.16,2.446814086965539,0.3376926689047809,0.13801321101736772,0.01,128,30606,2.859045137999601,100.87602017300014,128,False,0.13718450909285543,True,False,1,1,cooldown
27,2.20132096663581,42.19111111111111,2.517854369354248,35.98,2.5359574119475754,0.312056669173847,0.12305280353035161,0.01,128,30958,2.8297964500006856,103.71081903699996,128,False,0.13152862390115796,True,False,0,0,cooldown
28,2.1964199125077988,42.111111111111114,2.58839941368103,34.86,2.6293975395912472,0.32977297972700886,0.1254176954079558,0.01,128,31310,2.8669341810000333,106.58256950899977,128,False,0.1288279033185584,True,False,1,0,validation_improving
29,2.1890261423322888,42.44888888888889,2.5416028842926024,35.04,2.687373872507702,0.3746370985393755,0.13940639312298084,0.01,128,31662,2.8507650729998204,109.43549456100027,128,False,0.12929229735376277,True,False,2,0,validation_improving
30,2.193688227589925,42.16,2.5254676792144775,34.44,2.806545273146846,0.3740417977504536,0.1332748134616496,0.01,128,32014,2.7721385469994857,112.20982939999976,256,True,0.13269963399752874,True,True,0,2,plateau_and_stable
31,2.1155387376149495,44.126666666666665,2.4674888553619385,37.6,1.9858310330997815,0.2338316658783935,0.11775003108561374,0.01,256,32190,2.593735686999935,114.80573459300012,256,False,0.1301437458900814,True,False,0,1,maximum_batch_size
32,2.1062277855767144,44.38444444444445,2.47468254737854,36.36,2.0919637104327027,0.27150659152935214,0.12978551691657395,0.01,256,32366,2.682393389999561,117.49280107100003,256,False,0.12693678715461243,True,False,1,0,maximum_batch_size
33,2.096631399536133,44.67333333333333,2.4436370319366456,37.68,2.130215976725925,0.27979069521018657,0.13134381596371494,0.01,256,32542,2.590640667000116,120.08566010899995,256,False,0.12629312132196754,True,False,0,0,maximum_batch_size
34,2.1012408729553225,44.39333333333333,2.4655739582061766,36.48,2.3315065001899544,0.33846065970197675,0.14516822478267002,0.01,256,32718,2.5841539719995126,122.67456037299962,256,False,0.1354325192209863,True,False,1,0,maximum_batch_size
35,2.0938226386176217,44.586666666666666,2.4606182876586913,37.08,2.3321022296493705,0.42304193576987753,0.18139939595756918,0.01,256,32894,2.6261027749997083,125.3029483549999,256,False,0.15263714556798472,True,False,2,0,maximum_batch_size
36,2.0839549911922877,44.62888888888889,2.3970605823516844,38.1,2.277901780198921,0.29963335983792516,0.13153919209441406,0.01,256,33070,2.5998423979999643,127.90495347900014,256,False,0.15270227094488442,True,False,0,0,maximum_batch_size
37,2.0781347222222224,44.72,2.4550388278961184,36.82,2.301707187159495,0.3233090365091072,0.14046488550437988,0.01,256,33246,2.542375027000162,130.45222831299998,256,False,0.15113449118545438,True,False,1,0,maximum_batch_size
38,2.082249624676175,44.58222222222222,2.4610665634155273,36.84,2.413498677990653,0.3243368141873655,0.13438450045361375,0.01,256,33422,2.605476355999599,133.0598851779996,256,False,0.13546285935080257,True,False,2,0,maximum_batch_size
39,2.0807865489959716,44.78666666666667,2.4020402843475344,38.62,2.441896439275958,0.3497485667846109,0.14322825536703387,0.01,256,33598,2.638975797999592,135.70115061700017,256,False,0.13935921377500918,True,True,3,0,maximum_batch_size
40,2.069848231103685,44.89111111111111,2.414738528442383,37.68,2.4787135395136746,0.331989783936519,0.13393632569640204,0.01,256,33774,2.5733500280002772,138.2767695880002,256,False,0.1371830271723499,True,True,4,0,maximum_batch_size
41,2.0750671048906115,44.87555555555556,2.432924984741211,37.34,2.5513181950558317,0.3179379136644017,0.12461711529373524,0.01,256,33950,2.599534269999822,140.87868420300038,256,False,0.13392723211905705,True,True,5,0,maximum_batch_size
42,2.0777436955769857,44.742222222222225,2.3576983306884767,39.28,2.608603406358849,0.3828125237716416,0.146749989990174,0.01,256,34126,2.5658319889998893,143.44684687399968,256,False,0.13510114366010376,True,False,0,0,maximum_batch_size
43,2.072312923728095,44.97555555555556,2.376650567626953,38.16,2.6226714104413986,0.3854401445216655,0.1469647104806959,0.01,256,34302,2.5593241310007215,146.01106859900028,256,False,0.13944393858820173,True,False,1,0,maximum_batch_size
44,2.0593715741899277,45.111111111111114,2.463028910446167,37.14,2.557589000598951,0.34539167478776966,0.1350458086528949,0.01,256,34478,2.559760567000012,148.57310190600037,256,False,0.1429201697079216,True,False,2,0,maximum_batch_size
45,2.0688620064205594,44.89333333333333,2.4204379161834715,37.84,2.712364350530234,0.4309474664312962,0.15888258756493845,0.01,256,34654,2.578478739000275,151.15386005399978,256,False,0.14696436889950973,True,True,3,0,maximum_batch_size
46,2.0545558052062987,45.34888888888889,2.3841859840393065,39.08,2.5538962605324658,0.34094889046516735,0.13350146430534687,0.01,256,34830,2.557697277000443,153.7139761520002,256,False,0.14247662017439341,True,True,4,0,maximum_batch_size
47,2.054831581793891,45.24666666666667,2.4095270469665526,38.24,2.6535233970392835,0.3377966244536895,0.12730116675453657,0.01,256,35006,2.5808188519995383,156.29714803299976,256,False,0.13989507287494063,True,True,5,0,maximum_batch_size
48,2.051515529420641,45.43333333333333,2.399020433044434,38.5,2.694827876307748,0.38707844604132835,0.14363753969011583,0.01,256,35182,2.5559021660001235,158.8554664330004,256,False,0.13481339024999975,True,True,6,0,maximum_batch_size
49,2.0554290160920883,45.068888888888885,2.4179485248565675,37.84,2.725910759784959,0.35526522434984853,0.1303290003439967,0.01,256,35358,2.5620385749998604,161.41985616700003,256,False,0.13375590226288303,True,True,7,0,maximum_batch_size
50,2.046238169203864,45.52,2.4576713752746584,36.98,2.7470923377708956,0.37049964995043405,0.1348697474985271,0.01,256,35534,2.642808513000091,164.06567710499985,256,False,0.13627876251087986,True,True,8,0,maximum_batch_size
51,2.054917227215237,45.30222222222222,2.403939470291138,38.16,2.8728983768007974,0.4168381173705709,0.1450932343226872,0.01,256,35710,2.5953386689998297,166.66341032699984,256,False,0.13676399405507034,True,True,9,0,maximum_batch_size
52,2.038952259572347,45.644444444444446,2.3855560905456543,39.18,2.665704329582778,0.3313799933680787,0.12431235891034483,0.01,256,35886,2.527804094000203,169.19357219799986,256,False,0.13475844691051972,True,True,10,0,maximum_batch_size
53,2.045480039660136,45.486666666666665,2.4848261783599854,36.16,2.8765730370174754,0.44100141389922853,0.15330791473882402,0.01,256,36062,2.5587101700002677,171.75473717499972,256,False,0.14090450265728535,True,True,11,0,maximum_batch_size
54,2.049847419442071,45.5,2.443732699966431,38.52,2.866583050651984,0.40026816399999404,0.13963250215576914,0.01,256,36238,2.552960888000598,174.31013239599997,256,False,0.139084258601646,True,True,12,0,maximum_batch_size
55,2.04435147535536,45.464444444444446,2.479734799194336,36.88,2.924438247626478,0.43316890353982795,0.14812037966308464,0.01,256,36414,2.5646025179994467,176.87727021400042,256,False,0.14702026551922595,True,True,13,0,maximum_batch_size
56,2.0285729401482477,45.91555555555556,2.4177587219238283,38.38,2.7333459251306276,0.33307057620107783,0.12185452750004133,0.01,256,36590,2.54784439299965,179.42759086200022,256,False,0.13653580310629837,True,True,14,0,maximum_batch_size
57,2.037365109592014,45.58444444444444,2.3896248302459715,38.0,2.9110776456919583,0.4105305967005899,0.14102358187112746,0.01,256,36766,2.559920659999989,181.99018861100012,256,False,0.13699949634475114,True,True,15,0,maximum_batch_size
58,2.0307926989661325,45.79555555555555,2.3800395557403564,38.54,2.884406103329225,0.37797818658004884,0.13104194521834137,0.01,256,36942,2.588205915999424,184.5808574900002,256,False,0.13130668486317007,True,True,16,0,maximum_batch_size
59,2.0402721557193333,45.644444444444446,2.339889434814453,39.68,2.955052012746984,0.45492728875339267,0.15394899541221382,0.01,256,37118,2.601362106999659,187.18469748500047,256,False,0.14200484083389422,True,False,0,0,maximum_batch_size
60,2.024974246427748,45.964444444444446,2.3962160278320312,38.56,2.9381752732125195,0.4134502992460757,0.14071669005432744,0.01,256,37294,2.596149257000434,189.78596997600016,256,False,0.14190254356162754,True,False,1,0,maximum_batch_size
61,2.025550325181749,46.0,2.375992706680298,39.12,2.905010548504916,0.4089474543276744,0.1407731392018529,0.01,256,37470,2.610646462000659,192.39916126200023,256,False,0.14514627488946472,True,False,2,0,maximum_batch_size
62,2.023863267601861,46.068888888888885,2.3733609592437745,38.58,2.9751194607127798,0.4042643341478242,0.13588171483064904,0.01,256,37646,2.626771932000338,195.02897104899967,256,False,0.13912384802894312,True,True,3,0,maximum_batch_size
63,2.0166034408357407,46.004444444444445,2.4314430767059325,37.82,2.9296060312878,0.3807518906340799,0.1299669261216596,0.01,256,37822,2.5696671229998174,197.6012979139996,256,False,0.1355405933847205,True,True,4,0,maximum_batch_size
64,2.0279649751027424,45.94444444444444,2.401116635131836,38.94,3.055825097994371,0.42974965326310594,0.14063293528972676,0.01,256,37998,2.597047180000118,200.2008885260002,256,False,0.13549385874734513,True,True,5,0,maximum_batch_size
65,2.016903454123603,46.10888888888889,2.3692894638061524,39.04,3.0095580599524756,0.44626933557701354,0.14828400937508823,0.01,256,38174,2.5577902100003485,202.7612622509996,256,False,0.13962795692882488,True,True,6,0,maximum_batch_size
66,2.015954279899597,46.22222222222222,2.400764828491211,39.14,3.0168990709564905,0.4249534308651738,0.14085768892835512,0.01,256,38350,2.5811230140006955,205.34496578800008,256,False,0.1432582111977234,True,True,7,0,maximum_batch_size
67,2.019043005710178,46.16222222222222,2.379085727310181,39.34,3.0523791678927163,0.39756083208339166,0.1302462145807813,0.01,256,38526,2.5323006880007597,207.8798607210001,256,False,0.13979597096140822,True,True,8,0,maximum_batch_size
68,2.021242991087172,45.904444444444444,2.4139106044769285,37.94,3.0490472723137247,0.3693429296417314,0.12113388106355588,0.01,256,38702,2.56689971600008,210.44939007599987,256,False,0.13074592819089745,True,True,9,0,maximum_batch_size
69,2.011156039301554,46.52,2.3456438472747805,40.12,3.019417562267997,0.4300020970766869,0.14241226601118195,0.01,256,38878,2.5632400190006592,213.0153074359996,256,False,0.1312641205518397,True,True,10,0,maximum_batch_size
70,2.007076628028022,46.32222222222222,2.339971768951416,39.8,3.067521023479375,0.39327786185360825,0.12820706324203104,0.01,256,39054,2.605136666999897,215.6232940259997,256,False,0.13058440343892297,True,True,11,0,maximum_batch_size
71,2.0077186472998725,46.54888888888889,2.4581249027252197,37.46,3.0499847910620947,0.4259825354628468,0.13966710152491202,0.01,256,39230,2.6019756609994147,218.22817354000017,256,False,0.13676214359270833,True,True,12,0,maximum_batch_size
72,2.00575259414249,46.39333333333333,2.3487675960540773,39.84,3.1461349468339574,0.516516247185468,0.16417485451636088,0.01,256,39406,2.5817757900003926,220.81260856300014,256,False,0.14401633976110131,True,True,13,0,maximum_batch_size
73,2.0105025167677137,46.284444444444446,2.3178755001068114,39.9,3.1028238277543676,0.4313828862467757,0.13902912643250034,0.01,256,39582,2.760883414000091,223.57625531600024,256,False,0.14762369415792442,True,False,0,0,maximum_batch_size
74,2.0068005442301433,46.233333333333334,2.3932007457733153,38.14,3.117789711464535,0.439619996638118,0.1410037357623687,0.01,256,39758,2.6142576350002855,226.1962520369998,256,False,0.14806923890374332,True,False,1,0,maximum_batch_size
75,2.0028946064419215,46.702222222222225,2.4172459857940676,38.88,3.1572643884203653,0.4608024736094242,0.14594991642110333,0.01,256,39934,2.5798264059994835,228.77880681199986,256,False,0.14199425953865744,True,False,2,0,maximum_batch_size
76,2.0135371165805394,46.126666666666665,2.367524594116211,39.38,3.22244594855742,0.46544805526405764,0.14443936770212654,0.01,256,40110,2.5869357219999074,231.36842096300006,256,False,0.14379767329519952,True,True,3,0,maximum_batch_size
77,2.002195641178555,46.364444444444445,2.3750011238098145,38.64,3.0842479331926866,0.4693456060148193,0.1521750573173992,0.01,256,40286,2.562558292000176,233.93373880299987,256,False,0.14752144714687634,True,True,4,0,maximum_batch_size
78,2.0003833743625217,46.45777777777778,2.3962527694702147,38.74,3.1981059082529764,0.49583844045738396,0.1550412821469348,0.01,256,40462,2.588667156000156,236.52541028300038,256,False,0.15055190238882019,True,True,5,0,maximum_batch_size
79,1.9882186680263942,46.913333333333334,2.3464194118499755,39.14,3.1263784156604246,0.4988583631271667,0.15956429350591808,0.01,256,40638,2.5750030660001357,239.1032374309998,256,False,0.15559354432341735,True,True,6,0,maximum_batch_size
80,2.0002394400490653,46.544444444444444,2.3291787048339843,39.46,3.2083165415308694,0.45731800512309095,0.14254142295595812,0.01,256,40814,2.5341757159994813,241.64013585300017,256,False,0.15238233286960368,True,True,7,0,maximum_batch_size
81,1.9935002393510606,46.717777777777776,2.374724913787842,39.1,3.1928305219520223,0.4800204355760009,0.15034322438210004,0.01,256,40990,2.6259249140002794,244.26891038299982,256,False,0.15081631361465875,True,True,8,0,maximum_batch_size
82,1.9940609614690146,46.6,2.3268990940093994,39.5,3.178584197705442,0.4474118637891854,0.14075822314602285,0.01,256,41166,2.5840998930007117,246.85584199799996,256,False,0.14454762349469366,True,True,9,0,maximum_batch_size
83,1.988124577331543,46.56444444444445,2.364372886276245,39.0,3.079986107620326,0.4110370626677467,0.13345419372205894,0.01,256,41342,2.5828446160003296,249.44149008099976,256,False,0.14151854708339395,True,True,10,0,maximum_batch_size
84,1.9825834356943766,46.702222222222225,2.3932004066467285,38.3,3.151543728329919,0.41289998190184335,0.1310151524124713,0.01,256,41518,2.6481007720003618,252.0924453309999,256,False,0.13507585642685102,True,True,11,0,maximum_batch_size
85,1.9845369934717814,46.96222222222222,2.3168094711303713,39.92,3.2008370675823907,0.43168094641875226,0.13486501727645522,0.01,256,41694,2.585263009999835,254.6806113800003,256,False,0.1331114544703285,True,True,12,0,maximum_batch_size
86,1.9845993355221219,46.90888888888889,2.3816070808410643,38.06,3.173209545287219,0.43009595246760596,0.13553972604999864,0.01,256,41870,2.656350945999293,257.3423317320003,256,False,0.13380663191297507,True,True,13,0,maximum_batch_size
87,1.975899180094401,47.028888888888886,2.33900576171875,39.44,3.2057839943604036,0.4331478059220659,0.13511447018386824,0.01,256,42046,2.553090637000423,259.8983673470002,256,False,0.13517307117010738,True,True,14,0,maximum_batch_size
88,1.9772364421420627,46.91777777777778,2.332036639022827,39.82,3.2178532264449378,0.4461288422819915,0.1386417623449945,0.01,256,42222,2.585696029000246,262.48690429399994,256,False,0.1364319861929538,True,True,15,0,maximum_batch_size
89,1.977975979148017,47.14666666666667,2.3455702293395997,39.54,3.1608478142456575,0.4391812946939281,0.13894414426232052,0.01,256,42398,2.6164447029996154,265.1061964640003,256,False,0.13756679226372776,True,True,16,0,maximum_batch_size
90,1.9836117067125107,47.06666666666667,2.3187680896759035,39.9,3.3415032625198364,0.47666629999388876,0.14265025724807787,0.01,256,42574,2.5566676349999398,267.66579068400006,256,False,0.14007872128513096,True,True,17,0,maximum_batch_size
91,1.9816731718911065,47.04,2.346042222213745,39.72,3.307874561710791,0.47236462880681007,0.14280004274477875,0.01,256,42750,2.5509652119999373,270.21980472500036,256,False,0.1414648147517257,True,True,18,0,maximum_batch_size
92,1.9677935674243503,47.42444444444445,2.310555241394043,40.5,3.1803079586137426,0.43545441694115467,0.1369220913847686,0.01,256,42926,2.5639613739995184,272.78678263300026,256,False,0.14079079712587508,True,True,19,0,maximum_batch_size
93,1.9711006327311198,47.31333333333333,2.3254289100646974,39.76,3.282576420090415,0.43985792547204866,0.13399777162226714,0.01,256,43102,2.5535146470001564,275.3462725299996,256,False,0.13790663525060484,True,True,20,0,maximum_batch_size
94,1.976059341875712,46.97555555555556,2.3470247020721438,39.16,3.2538937343792482,0.4563504203225249,0.14024748734132939,0.01,256,43278,2.5823770489996605,277.93158621600014,256,False,0.13705578344945504,True,True,21,0,maximum_batch_size
95,1.966435494740804,47.23777777777778,2.3428358989715576,39.28,3.171192754398693,0.4476291346201916,0.14115481753644704,0.01,256,43454,2.670222896999803,280.60481267199975,256,False,0.1384666921666812,True,True,22,0,maximum_batch_size
96,1.9724553760104708,47.23111111111111,2.3480818088531494,39.74,3.3013858158480036,0.4995729630372901,0.15132219949543127,0.01,256,43630,2.6009628840001824,283.2088155880001,256,False,0.1442415014577359,True,True,23,0,maximum_batch_size
97,1.9638498663584392,47.282222222222224,2.3595828090667723,39.36,3.2197151969779623,0.4597842832106327,0.1428027807062082,0.01,256,43806,2.5758881699994163,285.78770318700026,256,False,0.1450932659126955,True,True,24,0,maximum_batch_size
98,1.964891239590115,47.25333333333333,2.350211106109619,40.06,3.2828158099542963,0.4598450840575346,0.14007641935408996,0.01,256,43982,2.73744612199971,288.5281781699996,256,False,0.14473379985190982,True,True,25,0,maximum_batch_size
99,1.9709503480699326,47.20444444444445,2.347033525466919,39.8,3.357136170972477,0.47525518631505353,0.14156565659272694,0.01,256,44158,2.645451736999348,291.17695128800005,256,False,0.14148161888434171,True,True,26,0,maximum_batch_size
100,1.9613575597974988,47.446666666666665,2.4032289211273192,38.54,3.288292174989527,0.46651803247532914,0.1418724394454617,0.01,256,44334,2.5818829560002996,293.7619193669998,256,False,0.14117150513075952,True,True,27,0,maximum_batch_size
101,1.9573031073676215,47.733333333333334,2.366367897415161,38.68,3.266913903030482,0.470327841213172,0.14396701448934376,0.01,256,44510,2.593367186999785,296.3583877680003,256,False,0.14246837017584413,True,True,28,0,maximum_batch_size
102,1.968665839237637,47.16888888888889,2.3268711204528807,40.58,3.3996638398278844,0.5596989153296079,0.16463360546782158,0.01,256,44686,2.57002928699967,298.93153650099975,256,False,0.15015768646754235,True,True,29,0,maximum_batch_size
103,1.9566011516994901,47.54,2.3178108531951906,40.32,3.2138330963524906,0.3826101151271736,0.11905102214588997,0.01,256,44862,2.541874765999637,301.47648953299995,256,False,0.1425505473676851,True,True,30,0,maximum_batch_size
104,1.9564383745829264,47.52444444444444,2.321662049484253,39.92,3.26275697350502,0.4248115319706266,0.130200175931014,0.01,256,45038,2.5437750959999903,304.02347030800047,256,False,0.1379616011815752,True,True,31,0,maximum_batch_size
105,1.9585979252285428,47.53111111111111,2.395863998794556,38.1,3.33030647716739,0.5362139357142561,0.1610103872993019,0.01,256,45214,2.5769597819999035,306.6035375239999,256,False,0.1367538617920686,True,True,32,0,maximum_batch_size
106,1.9526292119344075,47.68666666666667,2.4202977001190185,39.12,3.3155053420500322,0.4469323630133072,0.13480067648958352,0.01,256,45390,2.6494893589997446,309.2561209400001,256,False,0.1420037465732998,True,True,33,0,maximum_batch_size
107,1.9497149559868707,47.92,2.345367066574097,38.54,3.287427222186869,0.4447573797844965,0.13529041092763683,0.01,256,45566,2.604610381999919,311.8638203370001,256,False,0.1437004915721741,True,True,34,0,maximum_batch_size
108,1.9499731552759807,47.62888888888889,2.369942588043213,39.3,3.3835987855087626,0.5146004175538634,0.15208671304577717,0.01,256,45742,2.5286082150005313,314.3956271249999,256,False,0.14072593348766585,True,True,35,0,maximum_batch_size
109,1.944315594291687,47.946666666666665,2.350609749221802,39.54,3.293743598190221,0.44679090534261207,0.13564835635292619,0.01,256,45918,2.556250356000419,316.9550337439996,256,False,0.1410084934421134,True,True,36,0,maximum_batch_size
110,1.9491620295206706,48.0,2.2894951259613037,40.42,3.3424536247145045,0.4985343520689164,0.14915221213019808,0.01,256,46094,2.5834687399992617,319.5416720209996,256,False,0.14562909384296716,True,False,0,0,maximum_batch_size
111,1.9513684131622315,47.82222222222222,2.324114196586609,39.14,3.318214018236507,0.4869137266111743,0.14673969910771517,0.01,256,46270,2.5865303989994572,322.134216124,256,False,0.14384675586361315,True,False,1,0,maximum_batch_size
112,1.9429919829474556,47.93333333333333,2.3604250930786135,39.82,3.274569886651906,0.4420700858824066,0.1350009623200522,0.01,256,46446,2.4953302650001206,324.63277307000044,256,False,0.14363095785265514,True,False,2,0,maximum_batch_size
113,1.935971461253696,48.16888888888889,2.336487805557251,39.7,3.3063145645640115,0.4982559966282096,0.15069830377550952,0.01,256,46622,2.544786548999582,327.1807922429998,256,False,0.14414632173442563,True,True,3,0,maximum_batch_size
114,1.9414103784773085,48.06,2.3371220684051512,40.08,3.3922013410113077,0.4530697827600435,0.1335621731181904,0.01,256,46798,2.5414410740004314,329.7254144819999,256,False,0.1397538130712507,True,True,4,0,maximum_batch_size
115,1.9390783914142184,47.986666666666665,2.338147743988037,39.54,3.3215994144027885,0.4413947889221653,0.13288621951464114,0.01,256,46974,2.5497903799996493,332.2784272830004,256,False,0.13904889880278035,True,True,5,0,maximum_batch_size
116,1.940478753153483,47.715555555555554,2.248991364479065,41.56,3.368019922213121,0.46483626172918,0.13801470076328967,0.01,256,47150,2.583567036000204,334.86528374000045,256,False,0.1348210311320404,True,False,0,0,maximum_batch_size
117,1.9464709999508327,47.724444444444444,2.299030597305298,41.14,3.4372577409852636,0.4691327255964062,0.13648459351837736,0.01,256,47326,2.657521775000532,337.5293942770004,256,False,0.13579517126543605,True,False,1,0,maximum_batch_size
118,1.9426834167056612,47.81777777777778,2.3144231369018553,40.3,3.4227178272875873,0.47106183285413805,0.137628006930184,0.01,256,47502,2.6175799719994757,340.15029534400037,256,False,0.13737576707061702,True,False,2,0,maximum_batch_size
119,1.931807253710429,48.18222222222222,2.2775348167419436,40.52,3.265979304909706,0.4222091917156123,0.12927491337155173,0.01,256,47678,2.5900407059998543,342.74387737600046,256,False,0.13446250460670436,True,True,3,0,maximum_batch_size
120,1.9373228811475967,48.05777777777778,2.30065722618103,40.68,3.424919678406282,0.5485066143050051,0.16015167239194397,0.01,256,47854,2.598682376000397,345.3458878450001,256,False,0.14235153089789324,True,True,4,0,maximum_batch_size
121,1.938416123008728,48.166666666666664,2.3341381576538085,40.04,3.362217354503545,0.4767999962662245,0.14181117577881444,0.01,256,48030,2.584148928000104,347.933344348,256,False,0.14374592051410337,True,True,5,0,maximum_batch_size
122,1.928955847952101,48.30222222222222,2.356853843307495,39.18,3.404842020435767,0.47725843569153736,0.14017050800797962,0.01,256,48206,2.5700350370007072,350.5067044970001,256,False,0.14737778539291269,True,True,6,0,maximum_batch_size
123,1.933431417549981,47.94444444444444,2.3535891227722168,39.9,3.3999961560422722,0.5421013436338391,0.1594417519179512,0.01,256,48382,2.5684010130007664,353.0784037399999,256,False,0.1471411452349151,True,True,7,0,maximum_batch_size
124,1.925672435845269,48.53333333333333,2.2991480487823486,40.46,3.4157096174630253,0.5557342909130464,0.1626995128835478,0.01,256,48558,2.555656003999502,355.6373528860004,256,False,0.15410392426982622,True,True,8,0,maximum_batch_size
125,1.9302470495435926,48.153333333333336,2.2880743125915526,40.76,3.3962124559012326,0.4972034365736375,0.14639939138953284,0.01,256,48734,2.5617928689998735,358.20247406100043,256,False,0.15618021873034396,True,True,9,0,maximum_batch_size
126,1.930354840596517,48.24888888888889,2.3379357791900635,39.12,3.432406937534159,0.49511604397841363,0.14424747793277704,0.01,256,48910,2.558067179000318,360.76387058599994,256,False,0.1511154607352859,True,True,10,0,maximum_batch_size
127,1.920326507865058,48.28888888888889,2.329593710708618,40.34,3.3474403552033682,0.42210324107637776,0.1260973150485328,0.01,256,49086,2.5019781569999395,363.26924345800035,256,False,0.13891472812361425,True,True,11,0,maximum_batch_size
128,1.9195908374998305,48.42,2.3362116111755373,40.2,3.3918857913125646,0.42627851844109566,0.12567596454243,0.01,256,49262,2.619875168999897,365.8924352269996,256,False,0.13200691917457993,True,True,12,0,maximum_batch_size
129,1.9270232949574788,48.21111111111111,2.338562476348877,39.5,3.4907799498601393,0.515411865893434,0.14764948615965803,0.01,256,49438,2.5796161889993527,368.47554111800036,256,False,0.13314092191687363,True,True,13,0,maximum_batch_size
130,1.9268726399527656,48.397777777777776,2.2666833877563475,41.2,3.48443672738292,0.5247868901871144,0.15060881607143406,0.01,256,49614,2.554934196999966,371.0339076520004,256,False,0.14131142225784069,True,True,14,0,maximum_batch_size
131,1.9322454649607341,48.19555555555556,2.2575506450653076,41.22,3.5037558471614663,0.4761001610789703,0.1358828017267648,0.01,256,49790,2.5078530799992222,373.5451924529998,256,False,0.14471370131928563,True,True,15,0,maximum_batch_size
132,1.9173487026426528,48.53777777777778,2.2663329498291014,41.98,3.265446192838929,0.36994279426108223,0.11329012098629813,0.01,256,49966,2.5350705000000744,376.0837527049998,256,False,0.13326057959483234,True,True,16,0,maximum_batch_size
133,1.9191330530802408,48.26888888888889,2.273688613510132,41.88,3.4145229255611245,0.4709572699632421,0.13792769304242103,0.01,256,50142,2.5735876139997345,378.66079336300027,256,False,0.12903353858516134,True,True,17,0,maximum_batch_size
134,1.9193129817114936,48.16888888888889,2.3013263027191164,39.92,3.4759313586083325,0.5227515942577766,0.15039180591498263,0.01,256,50318,2.575218639999548,381.23962993999976,256,False,0.13386987331456726,True,True,18,0,maximum_batch_size
135,1.9140601838005913,48.64666666666667,2.25468176612854,41.56,3.2769121649590405,0.4330124749132754,0.13214039715298737,0.01,256,50494,2.5619672959992386,383.80508429600013,256,False,0.14015329870346369,True,True,19,0,maximum_batch_size
136,1.9249450844446818,48.22,2.311277585220337,39.3,3.5155480910431254,0.5020435906111262,0.14280663430265242,0.01,256,50670,2.5665441289993396,386.37507289099995,256,False,0.14177961245687412,True,True,20,0,maximum_batch_size
137,1.9175999490102131,48.52,2.340986865234375,39.08,3.395526558160782,0.4791451419929777,0.14111070368195558,0.01,256,50846,2.5534919059991807,388.9323001550001,256,False,0.13868591171253178,True,True,21,0,maximum_batch_size
138,1.9185437839719983,48.43333333333333,2.3134093330383303,40.68,3.4571471498771147,0.5604836822902931,0.16212317786648264,0.01,256,51022,2.5549332450000293,391.4907984649999,256,False,0.14868017195036354,True,True,22,0,maximum_batch_size
139,1.9211117857615152,48.54222222222222,2.289635863876343,40.84,3.4592812941832976,0.47560496468724034,0.13748664079062367,0.01,256,51198,2.5862859040007606,394.08057329500025,256,False,0.1469068407796873,True,True,23,0,maximum_batch_size
140,1.9154339561038547,48.72222222222222,2.3324532733917236,39.32,3.4345838359811087,0.4532011047133268,0.13195226157108356,0.01,256,51374,2.6055934380001418,396.6897251729997,256,False,0.14385402674272996,True,True,24,0,maximum_batch_size
141,1.9143681398179797,48.32222222222222,2.351214976119995,39.3,3.5303676656701346,0.5435030086282425,0.1539508232848379,0.01,256,51550,2.5777104950002467,399.27128896199974,256,False,0.14112990854884835,True,True,25,0,maximum_batch_size
142,1.9060332080417208,48.635555555555555,2.3430080711364747,40.24,3.3799017667770386,0.4663384697512417,0.13797397141390547,0.01,256,51726,2.566555760000483,401.8414552960003,256,False,0.1412923520899423,True,True,26,0,maximum_batch_size
143,1.911103565703498,48.62888888888889,2.3200709823608396,40.9,3.39738782833923,0.4222736837918414,0.12429363532456647,0.01,256,51902,2.528186225999889,404.3732581820004,256,False,0.13873947667443662,True,True,27,0,maximum_batch_size
144,1.9104980317221747,48.473333333333336,2.2470829074859617,41.34,3.4197231991724535,0.4919938287463397,0.14386948887127896,0.01,256,52078,2.5955141100002947,406.9723544819999,256,False,0.13537903186991695,True,True,28,0,maximum_batch_size
145,1.9071469975153605,48.88444444444445,2.35160947265625,40.46,3.4268627017736435,0.5278972545541789,0.1540468062174772,0.01,256,52254,2.584548451000046,409.56341169500047,256,False,0.14073664347110756,True,True,29,0,maximum_batch_size
146,1.904547257486979,48.85333333333333,2.28535461769104,40.62,3.4546803290193733,0.4844444572616879,0.14022844695418155,0.01,256,52430,2.530892357000994,412.0979808739994,256,False,0.1460482473476459,True,True,30,0,maximum_batch_size
147,1.8991415514628092,48.96888888888889,2.261209164428711,41.24,3.430142188614065,0.5009087318289921,0.146031477497216,0.01,256,52606,2.639600086000428,414.7412301000004,256,False,0.14676891022295827,True,True,31,0,maximum_batch_size
148,1.9050997660530937,48.931111111111115,2.2984030921936034,40.38,3.497864311391657,0.5194235384949561,0.1484973378764799,0.01,256,52782,2.5164670150006714,417.2616171949994,256,False,0.14491908744262583,True,True,32,0,maximum_batch_size
149,1.9024966785007054,48.97555555555556,2.3010874320983885,41.02,3.3985817066647788,0.4605560354006629,0.13551418654945246,0.01,256,52958,2.546777503001067,419.8121230050001,256,False,0.14334766730771611,True,True,33,0,maximum_batch_size
150,1.896555686993069,49.07333333333333,2.360194496154785,39.7,3.411285935477777,0.4590712521198501,0.13457425170529397,0.01,256,53134,2.5959836229994835,422.4118011850005,256,False,0.1395285920437421,True,True,34,0,maximum_batch_size
151,1.9041814314948189,48.71333333333333,2.35107561416626,39.4,3.545598815787922,0.4924019595910492,0.1388769528572527,0.01,256,53310,2.636932189001527,425.0524237459995,256,False,0.13632179703733305,True,True,35,0,maximum_batch_size
152,1.9001636319902209,48.83555555555556,2.2781464630126953,40.92,3.414284496144815,0.45301093370486534,0.132681073945725,0.01,256,53486,2.5748616230011976,427.6309562089991,256,False,0.13537742616942391,True,True,36,0,maximum_batch_size
153,1.8987465943230524,48.99777777777778,2.263320100212097,42.22,3.4105895148082213,0.45652623336595666,0.13385552010397633,0.01,256,53662,2.5902034520004236,430.2249805629999,256,False,0.1351378489689847,True,True,37,0,maximum_batch_size
154,1.9137449482599895,48.473333333333336,2.2979161136627195,40.2,3.6389177698980677,0.5281373339468205,0.1451358253587218,0.01,256,53838,2.5384864889983874,432.7672185020001,256,False,0.1372241398028077,True,True,38,0,maximum_batch_size
155,1.8942518935521444,48.91777777777778,2.25882515335083,40.88,3.3544180894439872,0.4200042155036068,0.12520926262149376,0.01,256,54014,2.5701056310008425,435.34119340600046,256,False,0.13473353602806395,True,True,39,0,maximum_batch_size
156,1.8933804831610785,49.16888888888889,2.2813938915252687,40.14,3.4575493945316835,0.46991384190202307,0.13590950938982488,0.01,256,54190,2.578763808000076,437.92372510300083,256,False,0.13541819912334682,True,True,40,0,maximum_batch_size
157,1.9073508692847359,48.82666666666667,2.286500304412842,40.26,3.5537018830125984,0.5507713932564668,0.15498525520362544,0.01,256,54366,2.537516083999435,440.46499304399913,256,False,0.13870134240498136,True,True,41,0,maximum_batch_size
158,1.8910098642137316,49.02,2.2581121715545653,41.98,3.4413121925158934,0.4826378402329759,0.14024819988214615,0.01,256,54542,2.553759398000693,443.02250043499953,256,False,0.1437143214918655,True,True,42,0,maximum_batch_size
159,1.8883056041293673,49.062222222222225,2.255971732711792,41.72,3.463640020652251,0.4669943239473701,0.1348276152148438,0.01,256,54718,2.6099418369994964,445.63648480899974,256,False,0.14335369010020513,True,True,43,0,maximum_batch_size
160,1.8961622574488322,48.76222222222222,2.3425941192626953,39.78,3.466818844730204,0.4728204898105761,0.13638453896405878,0.01,256,54894,2.5780582370007323,448.218691995,256,False,0.13715345135368293,True,True,44,0,maximum_batch_size
