epoch,train_loss,train_accuracy,val_loss,val_accuracy,gradient_norm_mean,gradient_norm_std,gradient_norm_cv,learning_rate,batch_size,optimizer_updates,epoch_time_seconds,elapsed_seconds,next_batch_size,batch_changed,batch_stability_score,batch_is_stable,batch_plateau_detected,batch_no_improve_epochs,batch_cooldown_remaining,batch_controller_reason,lr_batch_size_input,next_learning_rate,lr_base,decay_multiplier,actual_learning_rate,plateau_counter,worsening_counter,cooldown_counter,lr_change_reason,warmup_active,next_warmup_factor
1,2.2273985010147093,15.95,2.03472163772583,21.8,1.8810706299781799,1.1512681480713014,0.6120281342567365,0.01,32,625,5.841495837987168,5.841559307998978,32,False,,False,False,0,0,insufficient_gradient_history,32,0.01,0.01,1.0,0.01,0,0,0,keep,False,1.0
2,1.98538005027771,24.66,1.8950340772628784,27.42,2.1163803272247312,0.7722858141232983,0.36490880405019327,0.01,32,1250,5.484302471013507,11.34742428199388,32,False,,False,False,0,0,insufficient_gradient_history,32,0.01,0.01,1.0,0.01,0,0,0,keep,False,1.0
3,1.8780659866333007,28.905,1.8105480758666992,31.86,2.375822190093994,0.7848110314906608,0.33033239388141294,0.01,32,1875,5.411642083985498,16.77986554900417,32,False,0.43575644406278097,False,False,0,0,validation_improving,32,0.01,0.01,1.0,0.01,0,0,0,keep,False,1.0
4,1.7844443075180054,32.33,1.7137045108795166,33.98,2.6202353176116944,0.7803458545507286,0.29781518068449836,0.01,32,2500,5.419080025982112,22.21761865200824,32,False,0.3310187928720349,False,False,0,0,validation_improving,32,0.01,0.01,1.0,0.01,0,0,0,keep,False,1.0
5,1.7280972826004029,34.93,1.66813916721344,37.48,2.5597942193984986,0.7305444740070672,0.2853918758275989,0.01,32,3125,5.364783197990619,27.604608896013815,32,False,0.30451315013117003,False,False,0,0,validation_improving,32,0.01,0.01,1.0,0.01,0,0,0,keep,False,1.0
6,1.6509409927368164,38.38,1.6096322216033936,39.64,2.681544244003296,0.7177863374779411,0.2676764849518519,0.01,32,3750,5.3018480649916455,32.92933740999433,32,False,0.2836278471546497,False,False,0,0,validation_improving,32,0.01,0.01,1.0,0.01,0,0,0,keep,False,1.0
7,1.595391743850708,40.645,1.6465920427322387,40.56,2.808613029098511,0.7785020305905205,0.2771837994499803,0.01,32,4375,5.5129845310002565,38.463734271004796,32,False,0.276750720076477,False,False,1,0,validation_improving,32,0.01,0.01,1.0,0.01,0,0,0,keep,False,1.0
8,1.5365109148025513,43.17,1.5503271774291991,41.62,2.829797285079956,0.6876353861579286,0.24299810795042742,0.01,32,5000,5.332235533016501,43.79787484699045,32,False,0.2626194641174199,False,False,0,0,validation_improving,32,0.01,0.01,1.0,0.01,0,0,0,keep,False,1.0
9,1.496017957687378,45.085,1.4678927780151367,45.74,2.945996209716797,0.7416953824873996,0.25176386175949905,0.01,32,5625,5.408295315981377,49.22939003101783,32,False,0.2573152563866356,False,False,0,0,validation_improving,32,0.01,0.01,1.0,0.01,0,0,0,keep,False,1.0
10,1.4420200462341308,47.125,1.4917640199661255,45.4,3.0727326477050783,0.7709508775191191,0.25090073426813286,0.01,32,6250,5.3549343800114,54.60392073501134,32,False,0.2485542346593531,True,False,1,0,validation_improving,32,0.01,0.01,1.0,0.01,0,1,0,keep,False,1.0
11,1.3930377473831177,49.1,1.4171355764389038,48.84,3.2344113410949706,0.7888248646496596,0.24388514059017882,0.01,32,6875,5.392359300982207,59.99868121999316,32,False,0.2488499122059369,True,False,0,0,validation_improving,32,0.01,0.01,1.0,0.01,0,0,0,keep,False,1.0
12,1.3480262342453002,51.335,1.3381530513763429,51.08,3.3063603790283205,0.8608563794431876,0.2603637476734818,0.01,32,7500,5.430747837002855,65.44867172199883,32,False,0.2517165408439312,False,False,0,0,validation_improving,32,0.01,0.01,1.0,0.01,0,0,0,keep,False,1.0
13,1.3024365736961365,53.13,1.3627035266876222,50.52,3.4127332538604738,0.8836714979668377,0.2589336558803628,0.01,32,8125,5.44907042698469,70.92269239999587,32,False,0.2543941813813411,False,False,1,0,validation_improving,32,0.01,0.01,1.0,0.01,0,1,0,keep,False,1.0
14,1.2541199254989623,55.43,1.2135428596496582,57.16,3.4464161273956297,0.8122404082953851,0.23567682435055778,0.01,32,8750,5.3158222239871975,76.2404357700143,32,False,0.2516580759681341,False,False,0,0,validation_improving,32,0.01,0.01,1.0,0.01,0,0,0,keep,False,1.0
15,1.2148042887687682,56.62,1.2205788185119628,56.6,3.548949794960022,0.8639645599028369,0.24344231669028887,0.01,32,9375,5.428162516007433,81.6872205779946,32,False,0.2460175989737365,True,False,1,0,validation_improving,32,0.01,0.01,1.0,0.01,0,1,0,keep,False,1.0
16,1.1949112579345702,57.315,1.2394275386810303,56.0,3.541421734046936,0.9071071285551373,0.2561420798415586,0.01,32,10000,5.5019504640076775,87.19117125001503,32,False,0.24508707362746843,True,False,2,0,validation_improving,32,0.01,0.01,1.0,0.01,0,2,0,keep,False,1.0
17,1.161516334629059,58.825,1.1613502811431884,58.04,3.5638324754714965,0.8105824331464403,0.22744683952602807,0.01,32,10625,5.468252126011066,92.66154391001328,32,False,0.24234374535262518,True,False,0,0,validation_improving,32,0.01,0.01,1.0,0.01,0,0,0,keep,False,1.0
18,1.114728630542755,60.27,1.1055975784301757,60.76,3.639355830383301,0.8327895514541527,0.22882883407589566,0.01,32,11250,5.551768856996205,98.2320270909986,32,False,0.2374725844811608,True,False,0,0,validation_improving,32,0.01,0.01,1.0,0.01,0,0,0,keep,False,1.0
19,1.079634305381775,61.585,1.279387010383606,57.46,3.689744088554382,0.8484616888004195,0.22995136476595354,0.01,32,11875,5.37266990399803,103.62698410599842,32,False,0.22874234612262576,True,False,1,0,validation_improving,32,0.01,0.01,1.0,0.01,0,1,0,keep,False,1.0
20,1.0478087017059325,63.21,1.0867515365600586,60.68,3.74443658618927,0.8923583317018279,0.23831578160327363,0.01,32,12500,5.360458514012862,108.98950792799587,32,False,0.23236532681504096,True,False,0,0,validation_improving,32,0.01,0.01,1.0,0.01,0,0,0,keep,False,1.0
21,1.0225623767852783,63.61,1.095897891998291,61.72,3.774650475502014,0.8440976103932325,0.22362272106286799,0.01,32,13125,5.3749780759972055,114.38795643701451,32,False,0.23062995581069837,True,False,1,0,validation_improving,32,0.01,0.01,1.0,0.01,0,0,0,keep,False,1.0
22,1.0014752125740052,64.705,1.1214302616119385,61.78,3.814558986854553,0.8876306786691703,0.2326954915962301,0.01,32,13750,5.433066511992365,119.82314672300708,32,False,0.2315446647541239,True,False,2,0,validation_improving,32,0.01,0.01,1.0,0.01,0,1,0,keep,False,1.0
23,0.9628609894275665,66.39,1.001174331665039,64.86,3.7967593650817872,0.9035975366516106,0.2379917845101326,0.01,32,14375,5.4826073970180005,125.30840471401461,32,False,0.2314366657230769,True,False,0,0,validation_improving,32,0.01,0.01,1.0,0.01,0,0,0,keep,False,1.0
24,0.9237218489646911,68.015,1.074027186012268,62.28,3.9145257034301757,0.8894403708453594,0.22721536099909717,0.01,32,15000,5.434492870990653,130.76484529700247,32,False,0.2326342123684866,True,False,1,0,validation_improving,32,0.01,0.01,1.0,0.01,0,1,0,keep,False,1.0
25,0.9161870940208435,68.345,0.8831289272308349,70.42,3.9590882188796996,0.8978988260504734,0.2267943466802375,0.01,32,15625,5.389925652008969,136.1568389479944,32,False,0.23066716406315577,True,False,0,0,validation_improving,32,0.01,0.01,1.0,0.01,0,0,0,keep,False,1.0
26,0.8878822926521301,69.435,0.8858687717437744,70.08,3.979671028518677,0.904580026523903,0.22730020145920973,0.01,32,16250,5.344620996998856,141.52155747500365,32,False,0.22710330304618145,True,False,1,0,validation_improving,32,0.01,0.01,1.0,0.01,0,1,0,keep,False,1.0
27,0.8656188899517059,70.22,0.8521159520149231,71.08,4.024223799514771,0.9494979241182888,0.23594560626388136,0.01,32,16875,5.384529743983876,146.9081893330149,32,False,0.23001338480110953,True,False,0,0,validation_improving,32,0.01,0.01,1.0,0.01,0,0,0,keep,False,1.0
28,0.8469916902065278,71.005,0.8848598545074463,70.8,4.08536629447937,0.946471812289726,0.23167367233838465,0.01,32,17500,5.343801520997658,152.2758102310181,32,False,0.23163982668715857,True,False,1,0,validation_improving,32,0.01,0.01,1.0,0.01,0,1,0,keep,False,1.0
29,0.8046852603435516,72.46,0.7880039185523987,74.3,4.052831598091125,0.8996758696777329,0.22198698561797048,0.01,32,18125,5.450813403003849,157.72880374800297,32,False,0.22986875474007884,True,False,0,0,validation_improving,32,0.01,0.01,1.0,0.01,0,0,0,keep,False,1.0
30,0.7980972852230072,72.81,0.8955782870292663,69.22,4.103366027450561,0.9698013357089761,0.23634287782786012,0.01,32,18750,5.379960653983289,163.12924896201002,32,False,0.23000117859473843,True,False,1,0,validation_improving,32,0.01,0.01,1.0,0.01,0,1,0,keep,False,1.0
31,0.7693259340047837,73.805,0.7570547158241272,74.94,4.11090425453186,0.9028058811780502,0.21961248068051634,0.01,32,19375,5.341205181000987,168.47285538099823,32,False,0.22598078137544897,True,False,0,0,validation_improving,32,0.01,0.01,1.0,0.01,0,0,0,keep,False,1.0
32,0.7467994811534882,74.865,0.8563226388931274,71.54,4.132438837814331,1.008312286138015,0.24399932478397493,0.01,32,20000,5.400930561998393,173.89421591500286,32,False,0.23331822776411712,True,False,1,0,validation_improving,32,0.01,0.01,1.0,0.01,0,1,0,keep,False,1.0
33,0.7233954880714416,75.345,0.7815252323150634,74.16,4.195060806274414,0.919238783746689,0.21912406665753084,0.01,32,20625,5.355999819003046,179.25243762900936,32,False,0.22757862404067405,True,False,2,0,validation_improving,32,0.01,0.01,1.0,0.01,0,2,0,keep,False,1.0
34,0.7064915227413178,76.055,0.7345209397315979,74.92,4.173245087623596,0.9416680792750415,0.22564408739555655,0.01,32,21250,5.4106965370010585,184.66570939400117,32,False,0.22958915961235413,True,False,0,0,validation_improving,32,0.01,0.01,1.0,0.01,0,0,0,keep,False,1.0
35,0.6807302515506745,77.18,0.7631995671272278,74.1,4.123866487884522,0.9306066147957703,0.22566361387536849,0.01,32,21875,5.486523343017325,190.17412071299623,32,False,0.22347725597615198,True,False,1,0,validation_improving,32,0.01,0.01,1.0,0.01,0,1,0,keep,False,1.0
36,0.6908331230640411,76.755,0.7262596582412719,75.72,4.214531556129455,0.9917098071080835,0.23530724444702353,0.01,32,22500,5.382117045024643,195.5587205720076,32,False,0.22887164857264952,True,False,2,0,validation_improving,32,0.01,0.01,1.0,0.01,0,0,0,keep,False,1.0
37,0.6539647144079208,77.97,0.8307710435867309,72.94,4.203598779296875,0.9597227673969796,0.22830979305719598,0.01,32,23125,5.368279091984732,200.95182334500714,64,True,0.2297602171265293,True,True,0,2,plateau_and_stable,64,0.011486983549970351,0.011486983549970351,1.0,0.011486983549970351,0,1,0,keep,False,1.0
38,0.531719541835785,82.345,0.6566828788757324,78.3,3.0538595640621247,0.6147346059554257,0.20129760162825838,0.011486983549970351,64,23438,5.191540797997732,206.14573800301878,64,False,0.2216382130441593,True,False,0,1,cooldown,64,0.011486983549970351,0.011486983549970351,1.0,0.011486983549970351,0,0,0,keep,False,1.0
39,0.510273648762703,82.49,0.6152719924926758,79.6,3.2182708011267667,0.6559866291841642,0.20383201716719712,0.011486983549970351,64,23751,5.2116290100093465,211.37774118300877,64,False,0.2111464706175505,True,False,0,0,cooldown,64,0.011486983549970351,0.011486983549970351,1.0,0.011486983549970351,0,0,0,keep,False,1.0
40,0.5034439113616943,83.055,0.6199217929840087,79.46,3.3759664453256626,0.6369220895502533,0.18866363154525487,0.011486983549970351,64,24064,5.309293126978446,216.70654195500538,64,False,0.19793108344690347,True,False,1,0,validation_improving,64,0.011486983549970351,0.011486983549970351,1.0,0.011486983549970351,0,1,0,keep,False,1.0
41,0.5018319383621216,83.315,0.5845122114181519,80.72,3.5059743609291294,0.749829617586847,0.21387196265403333,0.011486983549970351,64,24377,5.1461866830068175,221.85512615999323,64,False,0.20212253712216177,True,False,0,0,validation_improving,64,0.011486983549970351,0.011486983549970351,1.0,0.011486983549970351,0,0,0,keep,False,1.0
42,0.48761811099052427,83.84,0.6427777859687805,78.54,3.5177132691057347,0.7352690893199637,0.20901905103444465,0.011486983549970351,64,24690,5.245114666002337,227.1214884110086,64,False,0.20385154841124428,True,False,1,0,validation_improving,64,0.011486983549970351,0.011486983549970351,1.0,0.011486983549970351,0,1,0,keep,False,1.0
43,0.47634526839256286,84.085,0.6262214116096496,79.08,3.5694057396806467,0.7014510733647196,0.19651760671715668,0.011486983549970351,64,25003,5.160295553010656,232.28418814201723,64,False,0.20646954013521154,True,False,2,0,validation_improving,64,0.011486983549970351,0.011486983549970351,1.0,0.011486983549970351,0,2,0,keep,False,1.0
44,0.48594465255737307,83.95,0.5810594431877136,80.7,3.642625425570308,0.7269628501966071,0.19957112391883952,0.011486983549970351,64,25316,5.148370251990855,237.43500133400084,128,True,0.20170259389014697,True,True,0,2,plateau_and_stable,128,0.013195079107728942,0.013195079107728942,1.0,0.013195079107728942,0,0,0,keep,False,1.0
45,0.37436272687911987,87.64,0.5480664242744446,82.14,2.4911704534178325,0.39503800918561843,0.15857526274184738,0.013195079107728942,128,25473,4.4905791509954724,241.94661943201208,128,False,0.18488799779261453,True,False,0,1,cooldown,128,0.013195079107728942,0.013195079107728942,1.0,0.013195079107728942,0,0,0,keep,False,1.0
46,0.34535759353637696,88.37,0.5427453447818756,82.62,2.687484480772808,0.5548187503758726,0.2064453783249842,0.013195079107728942,128,25630,4.672237247985322,246.63848109400715,128,False,0.1881972549952237,True,False,1,0,cooldown,128,0.013195079107728942,0.013195079107728942,1.0,0.013195079107728942,0,0,0,keep,False,1.0
47,0.3468849928855896,88.46,0.5494083220481872,81.98,2.7671768877916274,0.5599130851517764,0.2023409083900011,0.013195079107728942,128,25787,4.463916546985274,251.12239426700398,128,False,0.1891205164856109,True,False,2,0,validation_improving,128,0.013195079107728942,0.013195079107728942,1.0,0.013195079107728942,0,1,0,keep,False,1.0
48,0.335184263920784,88.875,0.5410548952102661,82.38,2.9069415406816326,0.4793980126608049,0.16491491347577242,0.013195079107728942,128,25944,4.453715662006289,255.5786032550095,256,True,0.19123373339691926,True,True,0,2,plateau_and_stable,256,0.015157165665103983,0.015157165665103983,1.0,0.015157165665103983,0,0,0,keep,False,1.0
49,0.2692138360500336,91.195,0.5313168156147003,83.14,2.1322299513635756,0.6353795716619246,0.2979882968322891,0.015157165665103983,256,26023,4.570034664007835,260.16832780701225,256,False,0.22174803956602088,True,False,0,1,maximum_batch_size,256,0.015157165665103983,0.015157165665103983,1.0,0.015157165665103983,0,0,0,keep,False,1.0
50,0.25678682713508605,91.5,0.4870332171916962,83.96,2.143704246871079,0.5173367872570264,0.24132843325373945,0.015157165665103983,256,26102,4.583200105000287,264.7724765689927,256,False,0.234743881187267,True,False,0,0,maximum_batch_size,256,0.015157165665103983,0.015157165665103983,1.0,0.015157165665103983,0,0,0,keep,False,1.0
