epoch,train_loss,train_accuracy,val_loss,val_accuracy,gradient_norm_mean,gradient_norm_std,gradient_norm_cv,learning_rate,batch_size,optimizer_updates,epoch_time_seconds,elapsed_seconds,lr_batch_size_input,next_learning_rate,lr_base,decay_multiplier,actual_learning_rate,plateau_counter,worsening_counter,cooldown_counter,lr_change_reason,warmup_active,next_warmup_factor
1,2.2273985010147093,15.95,2.03472163772583,21.8,1.8810706299781799,1.1512681480713014,0.6120281342567365,0.01,32,625,5.666260805999627,5.666310961009003,32,0.01,0.01,1.0,0.01,0,0,0,keep,False,1.0
2,1.98538005027771,24.66,1.8950340772628784,27.42,2.1163803272247312,0.7722858141232983,0.36490880405019327,0.01,32,1250,5.361962121998658,11.058056192006916,32,0.01,0.01,1.0,0.01,0,0,0,keep,False,1.0
3,1.8780659866333007,28.905,1.8105480758666992,31.86,2.375822190093994,0.7848110314906608,0.33033239388141294,0.01,32,1875,5.306404308998026,16.383636614016723,32,0.01,0.01,1.0,0.01,0,0,0,keep,False,1.0
4,1.7844443075180054,32.33,1.7137045108795166,33.98,2.6202353176116944,0.7803458545507286,0.29781518068449836,0.01,32,2500,5.459742462990107,21.86272117201588,32,0.01,0.01,1.0,0.01,0,0,0,keep,False,1.0
5,1.7280972826004029,34.93,1.66813916721344,37.48,2.5597942193984986,0.7305444740070672,0.2853918758275989,0.01,32,3125,5.362458738003625,27.244786468014354,32,0.01,0.01,1.0,0.01,0,0,0,keep,False,1.0
6,1.6509409927368164,38.38,1.6096322216033936,39.64,2.681544244003296,0.7177863374779411,0.2676764849518519,0.01,32,3750,5.598398871021345,32.86249431601027,32,0.01,0.01,1.0,0.01,0,0,0,keep,False,1.0
7,1.595391743850708,40.645,1.6465920427322387,40.56,2.808613029098511,0.7785020305905205,0.2771837994499803,0.01,32,4375,5.3053720770112704,38.18823292601155,32,0.01,0.01,1.0,0.01,0,0,0,keep,False,1.0
8,1.5365109148025513,43.17,1.5503271774291991,41.62,2.829797285079956,0.6876353861579286,0.24299810795042742,0.01,32,5000,5.34791982700699,43.537939627014566,32,0.01,0.01,1.0,0.01,0,0,0,keep,False,1.0
9,1.496017957687378,45.085,1.4678927780151367,45.74,2.945996209716797,0.7416953824873996,0.25176386175949905,0.01,32,5625,5.408357412001351,48.96446943000774,32,0.01,0.01,1.0,0.01,0,0,0,keep,False,1.0
10,1.4420200462341308,47.125,1.4917640199661255,45.4,3.0727326477050783,0.7709508775191191,0.25090073426813286,0.01,32,6250,5.327683946990874,54.31065499500255,32,0.01,0.01,1.0,0.01,0,1,0,keep,False,1.0
11,1.3930377473831177,49.1,1.4171355764389038,48.84,3.2344113410949706,0.7888248646496596,0.24388514059017882,0.01,32,6875,5.487967255001422,59.80043556599412,32,0.01,0.01,1.0,0.01,0,0,0,keep,False,1.0
12,1.3480262342453002,51.335,1.3381530513763429,51.08,3.3063603790283205,0.8608563794431876,0.2603637476734818,0.01,32,7500,5.379023098008474,65.2017402049969,32,0.01,0.01,1.0,0.01,0,0,0,keep,False,1.0
13,1.3024365736961365,53.13,1.3627035266876222,50.52,3.4127332538604738,0.8836714979668377,0.2589336558803628,0.01,32,8125,5.39500146501814,70.6172360930068,32,0.01,0.01,1.0,0.01,0,1,0,keep,False,1.0
14,1.2541199254989623,55.43,1.2135428596496582,57.16,3.4464161273956297,0.8122404082953851,0.23567682435055778,0.01,32,8750,5.318965654994827,75.93808663400705,32,0.01,0.01,1.0,0.01,0,0,0,keep,False,1.0
15,1.2148042887687682,56.62,1.2205788185119628,56.6,3.548949794960022,0.8639645599028369,0.24344231669028887,0.01,32,9375,5.4662161779997405,81.4250570400036,32,0.01,0.01,1.0,0.01,0,1,0,keep,False,1.0
16,1.1949112579345702,57.315,1.2394275386810303,56.0,3.541421734046936,0.9071071285551373,0.2561420798415586,0.01,32,10000,5.3311342319939286,86.75796823902056,32,0.01,0.01,1.0,0.01,0,2,0,keep,False,1.0
17,1.161516334629059,58.825,1.1613502811431884,58.04,3.5638324754714965,0.8105824331464403,0.22744683952602807,0.01,32,10625,5.5495309549733065,92.3093117630051,32,0.01,0.01,1.0,0.01,0,0,0,keep,False,1.0
18,1.114728630542755,60.27,1.1055975784301757,60.76,3.639355830383301,0.8327895514541527,0.22882883407589566,0.01,32,11250,5.383617129002232,97.71328347700182,32,0.01,0.01,1.0,0.01,0,0,0,keep,False,1.0
19,1.079634305381775,61.585,1.279387010383606,57.46,3.689744088554382,0.8484616888004195,0.22995136476595354,0.01,32,11875,5.338030346989399,103.07104554501711,32,0.01,0.01,1.0,0.01,0,1,0,keep,False,1.0
20,1.0478087017059325,63.21,1.0867515365600586,60.68,3.74443658618927,0.8923583317018279,0.23831578160327363,0.01,32,12500,5.481445003999397,108.55436536099296,32,0.01,0.01,1.0,0.01,0,0,0,keep,False,1.0
21,1.0225623767852783,63.61,1.095897891998291,61.72,3.774650475502014,0.8440976103932325,0.22362272106286799,0.01,32,13125,5.369302837993018,113.9467698590015,32,0.01,0.01,1.0,0.01,0,0,0,keep,False,1.0
22,1.0014752125740052,64.705,1.1214302616119385,61.78,3.814558986854553,0.8876306786691703,0.2326954915962301,0.01,32,13750,5.501053626008797,119.44982937700115,32,0.01,0.01,1.0,0.01,0,1,0,keep,False,1.0
23,0.9628609894275665,66.39,1.001174331665039,64.86,3.7967593650817872,0.9035975366516106,0.2379917845101326,0.01,32,14375,5.339673134003533,124.79140597200603,32,0.01,0.01,1.0,0.01,0,0,0,keep,False,1.0
24,0.9237218489646911,68.015,1.074027186012268,62.28,3.9145257034301757,0.8894403708453594,0.22721536099909717,0.01,32,15000,5.360229963000165,130.17182997401687,32,0.01,0.01,1.0,0.01,0,1,0,keep,False,1.0
25,0.9161870940208435,68.345,0.8831289272308349,70.42,3.9590882188796996,0.8978988260504734,0.2267943466802375,0.01,32,15625,5.441721999988658,135.61547880401486,32,0.01,0.01,1.0,0.01,0,0,0,keep,False,1.0
26,0.8878822926521301,69.435,0.8858687717437744,70.08,3.979671028518677,0.904580026523903,0.22730020145920973,0.01,32,16250,5.481436089001363,141.11859093999374,32,0.01,0.01,1.0,0.01,0,1,0,keep,False,1.0
27,0.8656188899517059,70.22,0.8521159520149231,71.08,4.024223799514771,0.9494979241182888,0.23594560626388136,0.01,32,16875,5.374067862023367,146.49492809301591,32,0.01,0.01,1.0,0.01,0,0,0,keep,False,1.0
28,0.8469916902065278,71.005,0.8848598545074463,70.8,4.08536629447937,0.946471812289726,0.23167367233838465,0.01,32,17500,5.4688592460006475,151.9860427179956,32,0.01,0.01,1.0,0.01,0,1,0,keep,False,1.0
29,0.8046852603435516,72.46,0.7880039185523987,74.3,4.052831598091125,0.8996758696777329,0.22198698561797048,0.01,32,18125,5.30737156199757,157.2954135760083,32,0.01,0.01,1.0,0.01,0,0,0,keep,False,1.0
30,0.7980972852230072,72.81,0.8955782870292663,69.22,4.103366027450561,0.9698013357089761,0.23634287782786012,0.01,32,18750,5.255276056996081,162.5718797710142,32,0.01,0.01,1.0,0.01,0,1,0,keep,False,1.0
31,0.7693259340047837,73.805,0.7570547158241272,74.94,4.11090425453186,0.9028058811780502,0.21961248068051634,0.01,32,19375,5.3610545650008135,167.9349471820169,32,0.01,0.01,1.0,0.01,0,0,0,keep,False,1.0
32,0.7467994811534882,74.865,0.8563226388931274,71.54,4.132438837814331,1.008312286138015,0.24399932478397493,0.01,32,20000,5.355861888005165,173.31439748499542,32,0.01,0.01,1.0,0.01,0,1,0,keep,False,1.0
33,0.7233954880714416,75.345,0.7815252323150634,74.16,4.195060806274414,0.919238783746689,0.21912406665753084,0.01,32,20625,5.467039776005549,178.78347860099166,32,0.01,0.01,1.0,0.01,0,2,0,keep,False,1.0
34,0.7064915227413178,76.055,0.7345209397315979,74.92,4.173245087623596,0.9416680792750415,0.22564408739555655,0.01,32,21250,5.399653476983076,184.18518241401762,32,0.01,0.01,1.0,0.01,0,0,0,keep,False,1.0
35,0.6807302515506745,77.18,0.7631995671272278,74.1,4.123866487884522,0.9306066147957703,0.22566361387536849,0.01,32,21875,5.3836932700069156,189.5896619099949,32,0.01,0.01,1.0,0.01,0,1,0,keep,False,1.0
36,0.6908331230640411,76.755,0.7262596582412719,75.72,4.214531556129455,0.9917098071080835,0.23530724444702353,0.01,32,22500,5.358985622006003,194.95082964200992,32,0.01,0.01,1.0,0.01,0,0,0,keep,False,1.0
37,0.6539647144079208,77.97,0.8307710435867309,72.94,4.203598779296875,0.9597227673969796,0.22830979305719598,0.01,32,23125,5.421656285005156,200.39481935001095,32,0.01,0.01,1.0,0.01,0,1,0,keep,False,1.0
38,0.6497889074087143,78.065,0.7271612406730652,75.58,4.251149133110046,0.9496372145978405,0.22338365107010102,0.01,32,23750,5.416668487974675,205.81369596900186,32,0.01,0.01,1.0,0.01,1,0,0,keep,False,1.0
39,0.6363460102558136,78.695,0.6588591553688049,78.28,4.182156565284729,0.9402873943210248,0.22483314042471372,0.01,32,24375,5.419700038008159,211.23552172799828,32,0.01,0.01,1.0,0.01,0,0,0,keep,False,1.0
40,0.6211497425079345,79.14,0.7842221011161804,73.98,4.23912562046051,0.9722885041529371,0.22936062556388334,0.01,32,25000,5.314822167012608,216.57120285599376,32,0.01,0.01,1.0,0.01,0,1,0,keep,False,1.0
41,0.6125337132930756,79.74,0.6501558194160462,78.32,4.220230699920655,1.0100177165275224,0.23932760750408089,0.01,32,25625,5.3419294070045,221.91523378100828,32,0.01,0.01,1.0,0.01,0,0,0,keep,False,1.0
42,0.6193767930030822,79.16,0.6595878265380859,77.82,4.332332957458496,1.029394148902221,0.23760734897574987,0.01,32,26250,5.4000492689956445,227.33585284801666,32,0.01,0.01,1.0,0.01,0,1,0,keep,False,1.0
43,0.5936092118144035,79.935,0.6050867935180664,80.18,4.286324840927124,0.9787306905386498,0.22833796477420593,0.01,32,26875,5.354389362997608,232.69242702799966,32,0.01,0.01,1.0,0.01,0,0,0,keep,False,1.0
44,0.5877343116641045,80.45,0.6379593796730042,78.18,4.347065606689453,1.0616185990842986,0.2442149935465408,0.01,32,27500,5.519204439013265,238.2309084960143,32,0.01,0.01,1.0,0.01,0,1,0,keep,False,1.0
45,0.562130720448494,81.37,0.6416822514533996,79.0,4.286630039596558,0.9649480702765635,0.22510644990654613,0.01,32,28125,5.445571204996668,243.67866392599535,32,0.01,0.01,1.0,0.01,0,2,0,keep,False,1.0
46,0.5601451335191727,81.33,0.6546857055664063,78.46,4.326732958412171,0.9623149383307656,0.22241144706182528,0.01,32,28750,5.375239807006437,249.05613270201138,32,0.005,0.01,0.5,0.005,0,0,2,worsening_decay,False,1.0
47,0.4102715254187584,86.31,0.5361757335662842,82.34,3.9795928754806518,1.0652642796656788,0.2676817234820156,0.005,32,29375,5.28111663000891,254.3395370230137,32,0.005,0.01,0.5,0.005,0,0,1,cooldown,False,1.0
48,0.38621828747987746,87.07,0.5378204959869385,82.5,4.199363272285462,1.046331066717346,0.24916421820959575,0.005,32,30000,5.417282384994905,259.77622902800795,32,0.005,0.01,0.5,0.005,0,0,0,cooldown,False,1.0
49,0.37654628167152404,87.195,0.5187393553256988,82.16,4.426105339241028,1.1894279012244444,0.2687301385890952,0.005,32,30625,5.290334919001907,265.0688057950174,32,0.005,0.01,0.5,0.005,0,0,0,keep,False,1.0
50,0.3672809378027916,87.905,0.5923826159477233,80.82,4.552938410568237,1.1717794548300613,0.257367736868542,0.005,32,31250,5.524988074001158,270.6172559680126,32,0.005,0.01,0.5,0.005,0,1,0,keep,False,1.0
51,0.36243047837018966,87.96,0.5836050054550171,81.32,4.682948210716248,1.3299251088776836,0.283993127627177,0.005,32,31875,5.365238628000952,275.98476015400956,32,0.005,0.01,0.5,0.005,0,2,0,keep,False,1.0
52,0.3628889503419399,87.76,0.5307751876354218,82.1,4.968299977302551,1.405297648492727,0.28285281784765043,0.005,32,32500,5.3904822430049535,281.37758821001626,32,0.0025,0.01,0.25,0.0025,0,0,2,worsening_decay,False,1.0
53,0.2599717528939247,91.355,0.501368473815918,84.24,4.366397421360016,1.302004573835579,0.2981873723784266,0.0025,32,33125,5.3246622209844645,286.70454281099956,32,0.0025,0.01,0.25,0.0025,0,0,1,cooldown,False,1.0
54,0.23462884986698626,92.22,0.4863183437347412,84.42,4.545532088088989,1.4286330293162581,0.3142939047904869,0.0025,32,33750,5.306671272002859,292.04114048799966,32,0.0025,0.01,0.25,0.0025,0,0,0,cooldown,False,1.0
55,0.2308564998716116,92.405,0.4968086896896362,84.6,4.7706041961669925,1.578890036197243,0.33096227883786566,0.0025,32,34375,5.387607907003257,297.4495722450083,32,0.0025,0.01,0.25,0.0025,0,0,0,keep,False,1.0
56,0.22458718414902687,92.415,0.4622716598033905,85.22,4.946999446582794,1.8053088385880085,0.36493006681750995,0.0025,32,35000,5.381526212993776,302.833483719005,32,0.0025,0.01,0.25,0.0025,0,0,0,keep,False,1.0
57,0.21898515635430812,92.705,0.5650928757667542,83.22,5.175927084732056,1.8784002876029464,0.36291088665902704,0.0025,32,35625,5.290822820999892,308.14712809800403,32,0.0025,0.01,0.25,0.0025,0,1,0,keep,False,1.0
58,0.21835898197889328,92.56,0.48711897263526915,84.42,5.323635132026673,1.8230516472729834,0.3424448900160852,0.0025,32,36250,5.3269984039943665,313.47645345001365,32,0.0025,0.01,0.25,0.0025,0,2,0,keep,False,1.0
59,0.21074175529181957,93.15,0.5396119832515717,83.36,5.283847977781296,2.005324677412652,0.3795197526205731,0.0025,32,36875,5.429160212021088,318.9082583039999,32,0.00125,0.01,0.125,0.00125,0,0,2,worsening_decay,False,1.0
60,0.1471595447510481,95.15,0.4498562382698059,86.34,4.478446341824531,1.8338309771907424,0.40947927857570915,0.00125,32,37500,5.3626900340022985,324.27332704199944,32,0.00125,0.01,0.125,0.00125,0,0,1,cooldown,False,1.0
61,0.12378543390929699,95.905,0.4779555935382843,86.08,4.498671335625649,2.0472738825170356,0.4550841192384768,0.00125,32,38125,5.5386680439987686,329.8347799430194,32,0.00125,0.01,0.125,0.00125,0,0,0,cooldown,False,1.0
62,0.11750473522096873,96.205,0.4634263265132904,86.58,4.56131333861351,2.164724311104416,0.47458355749836445,0.00125,32,38750,5.393253492977237,335.2304825230094,32,0.00125,0.01,0.125,0.00125,0,0,0,keep,False,1.0
63,0.11061595911458134,96.41,0.5067335737705231,85.22,4.615462721252442,2.325798055835361,0.5039143843856535,0.00125,32,39375,5.291665664990433,340.5250842779933,32,0.00125,0.01,0.125,0.00125,0,1,0,keep,False,1.0
64,0.11146358498036861,96.225,0.4932058611392975,85.64,5.080527350139618,2.5020029095376803,0.49246913501379547,0.00125,32,40000,5.314955022011418,345.8425223529921,32,0.00125,0.01,0.125,0.00125,0,2,0,keep,False,1.0
65,0.10786542019322515,96.435,0.4930657807826996,85.74,5.026267191743851,2.558560989715533,0.5090379982022678,0.00125,32,40625,5.376546685991343,351.2215841790021,32,0.000625,0.01,0.0625,0.000625,0,0,2,worsening_decay,False,1.0
66,0.07212843270301819,97.83,0.48134484972953795,86.56,3.84752606805563,2.25633833488245,0.5864387388081084,0.000625,32,41250,5.491499244002625,356.7156696190068,32,0.000625,0.01,0.0625,0.000625,0,0,1,cooldown,False,1.0
67,0.06379375668019056,98.07,0.4862025137424469,86.2,3.660240688204765,2.3666020410076616,0.6465700598961868,0.000625,32,41875,5.447459110000636,362.1655729440099,32,0.000625,0.01,0.0625,0.000625,0,0,0,cooldown,False,1.0
68,0.060243016127124425,98.135,0.5003098766326904,86.16,3.8038187060832978,2.4726830209971378,0.6500528053668864,0.000625,32,42500,5.39233366199187,367.56043860901264,32,0.000625,0.01,0.0625,0.000625,0,1,0,keep,False,1.0
69,0.052459050823003055,98.535,0.4940911147117615,86.26,3.457916237783432,2.4862152710470573,0.7189923352915089,0.000625,32,43125,5.4001748010050505,372.96336626799894,32,0.000625,0.01,0.0625,0.000625,0,2,0,keep,False,1.0
70,0.05334770766794682,98.415,0.5015067077636719,86.02,3.8109827828645706,2.6972968727007935,0.7077693672162514,0.000625,32,43750,5.385783767997054,378.35165609500837,32,0.0003125,0.01,0.03125,0.0003125,0,0,2,worsening_decay,False,1.0
71,0.041352312248945235,98.86,0.4876777229309082,86.5,2.985126749753952,2.378749398771431,0.7968671343575953,0.0003125,32,44375,5.387920109991683,383.74233659001766,32,0.0003125,0.01,0.03125,0.0003125,0,0,1,cooldown,False,1.0
72,0.03870793332085013,99.01,0.4840202726840973,86.68,2.941425734460354,2.381358847218081,0.8095933952431287,0.0003125,32,45000,5.447932665003464,389.19288513300125,32,0.0003125,0.01,0.03125,0.0003125,0,0,0,cooldown,False,1.0
73,0.036999181471392514,99.075,0.49125607900619506,86.74,2.772930436038971,2.2678970762978077,0.8178701660964122,0.0003125,32,45625,5.297597691009287,394.4930166010163,32,0.0003125,0.01,0.03125,0.0003125,0,1,0,keep,False,1.0
74,0.03395133938789368,99.13,0.4975518069267273,86.76,2.755788600897789,2.3513748987585115,0.8532493740599769,0.0003125,32,46250,5.425606001983397,399.92117244101246,32,0.0003125,0.01,0.03125,0.0003125,0,2,0,keep,False,1.0
75,0.03403851120658219,99.09,0.5181989111900329,85.9,2.8544044569253924,2.5826670868320467,0.9048006776212257,0.0003125,32,46875,5.452149385004304,405.37596507000853,32,0.00015625,0.01,0.015625,0.00015625,0,0,2,worsening_decay,False,1.0
76,0.02826456808336079,99.43,0.49738939170837404,86.74,2.3695334691405296,2.124721929060665,0.8966836538630708,0.00015625,32,47500,5.433290231012506,410.8118652710109,32,0.00015625,0.01,0.015625,0.00015625,0,0,1,cooldown,False,1.0
77,0.028698789003118872,99.29,0.49692352175712584,86.62,2.451352939507365,2.5194249024161666,1.0277691399760058,0.00015625,32,48125,5.2993654960009735,416.1138540410029,32,0.00015625,0.01,0.015625,0.00015625,0,0,0,cooldown,False,1.0
78,0.024918208941444756,99.515,0.5041221309661865,86.62,2.2237232658028603,2.0846808578121196,0.9374731513898705,0.00015625,32,48750,5.418046659004176,421.53482391199213,32,0.00015625,0.01,0.015625,0.00015625,0,1,0,keep,False,1.0
79,0.027082007479667665,99.47,0.494414936876297,86.78,2.390193978524208,2.216214353236093,0.927211085438152,0.00015625,32,49375,5.282075349998195,426.81951905600727,32,0.00015625,0.01,0.015625,0.00015625,0,2,0,keep,False,1.0
80,0.02638924728706479,99.405,0.5082650777816773,86.6,2.371011494445801,2.2699423044860723,0.9573729649993493,0.00015625,32,50000,5.304260653007077,432.12637866000296,32,7.8125e-05,0.01,0.0078125,7.8125e-05,0,0,2,worsening_decay,False,1.0
