epoch,train_loss,train_accuracy,val_loss,val_accuracy,gradient_norm_mean,gradient_norm_std,gradient_norm_cv,learning_rate,batch_size,optimizer_updates,epoch_time_seconds,elapsed_seconds,next_learning_rate,lr_base,decay_multiplier,actual_learning_rate,plateau_counter,worsening_counter,cooldown_counter,lr_change_reason
1,2.0683433908462523,21.24,1.8836546314239502,29.58,0.7299833719015122,0.4853718381257902,0.6649080743590015,0.1,32,625,2.764660394001112,2.764675995000289,0.1,0.1,1.0,0.1,0,0,0,keep
2,1.8072295728683472,30.8,1.9559201820373535,29.82,0.8603496969223022,0.28457219125409133,0.330763400361214,0.1,32,1250,2.2236356229986995,4.993884974999673,0.1,0.1,1.0,0.1,0,0,0,keep
3,1.6987047624588012,35.555,1.596410973739624,38.88,0.954344788980484,0.3068641576958899,0.32154433202636123,0.1,32,1875,2.296822352000163,7.292393563002406,0.1,0.1,1.0,0.1,0,0,0,keep
4,1.5847658952713013,40.58,1.6376583856582643,41.74,1.092954612159729,0.3263445382896343,0.29858928692790243,0.1,32,2500,2.090210072001355,9.38821692000056,0.1,0.1,1.0,0.1,0,0,0,keep
5,1.5222121744155883,43.475,1.7191252513885498,41.08,1.113420984840393,0.3565041376293253,0.32018808921596653,0.1,32,3125,2.0579355510017194,11.447896637000667,0.1,0.1,1.0,0.1,0,1,0,keep
6,1.4832896424293518,45.915,1.551169414138794,44.24,1.147789695262909,0.35728529356943256,0.311281147621109,0.1,32,3750,2.0477861079998547,13.497479337002005,0.1,0.1,1.0,0.1,0,0,0,keep
7,1.421477069568634,47.935,1.5298481740951537,46.06,1.1571133749008178,0.3421889037736529,0.2957263403879399,0.1,32,4375,2.2043491119984537,15.705995858999813,0.1,0.1,1.0,0.1,0,0,0,keep
8,1.3862514500617982,49.335,1.4713034856796265,44.98,1.1961142231941224,0.33234396257903787,0.27785303120237415,0.1,32,5000,2.221510536997812,17.93177312700209,0.1,0.1,1.0,0.1,0,0,0,keep
9,1.3764700325965882,49.555,1.5052010736465453,44.62,1.1785069296836852,0.3192954884152576,0.2709322112350129,0.1,32,5625,2.166313153000374,20.102477628002816,0.1,0.1,1.0,0.1,0,1,0,keep
10,1.3594686492919923,50.4,1.4333397136688233,49.74,1.1838566555976868,0.31900584594251447,0.26946323647704656,0.1,32,6250,2.1900666729998193,22.294312123001873,0.1,0.1,1.0,0.1,0,0,0,keep
11,1.3315760650634765,51.885,1.4063889785766601,50.74,1.2059684233665466,0.3129446842756683,0.2594965823415189,0.1,32,6875,2.2727014609990874,24.57139110299977,0.1,0.1,1.0,0.1,0,0,0,keep
12,1.310595330619812,52.74,1.3169782152175904,53.96,1.2436347257614135,0.3339975004556644,0.26856559529640534,0.1,32,7500,2.2994621559992083,26.87546193399976,0.1,0.1,1.0,0.1,0,0,0,keep
13,1.3110465678215026,52.02,1.5438713220596314,47.06,1.2185082803726197,0.3206378011891592,0.26313961616317044,0.1,32,8125,2.2742179820015735,29.153950612999324,0.1,0.1,1.0,0.1,0,1,0,keep
14,1.3004184287071228,52.68,1.3949698244094848,50.6,1.2235449590682983,0.33547823217556594,0.2741854557030342,0.1,32,8750,2.2538156769987836,31.409521860001405,0.1,0.1,1.0,0.1,0,2,0,keep
15,1.2815075257301332,53.525,1.2679260484695434,54.48,1.242581755924225,0.3368446719960582,0.2710845144714394,0.1,32,9375,2.424342873000569,33.83566169700134,0.1,0.1,1.0,0.1,0,0,0,keep
16,1.2671328015327454,54.175,1.3195815061569214,51.96,1.2487255463600158,0.3507372450871001,0.28087616699218176,0.1,32,10000,2.2682854869999574,36.10883002400078,0.1,0.1,1.0,0.1,0,1,0,keep
17,1.2764996435165405,53.685,1.3706623182296753,51.48,1.2548199684143067,0.33490336648744085,0.2668935583726686,0.1,32,10625,2.3155254760022217,38.426190983002016,0.1,0.1,1.0,0.1,0,2,0,keep
18,1.2693234541893006,54.085,1.2951037714004516,53.28,1.2531256323814393,0.3297864250317844,0.2631710791876432,0.1,32,11250,2.289526010998088,40.71756488400206,0.05,0.1,0.5,0.05,0,0,2,worsening_decay
19,1.1415136299133302,58.785,1.2974745819091797,54.36,1.291545695590973,0.31034464030306425,0.2402893226017988,0.05,32,11875,2.246032954000839,42.965580197000236,0.05,0.1,0.5,0.05,0,0,1,cooldown
20,1.1238891187667848,59.435,1.4222749563217163,48.74,1.3991125863075256,0.3504413104100184,0.2504739888979462,0.05,32,12500,2.2616145399988454,45.22947509699952,0.05,0.1,0.5,0.05,0,0,0,cooldown
21,1.1291501942634583,59.435,1.1806164960861205,56.46,1.457524205303192,0.3353312732253159,0.23006909388193023,0.05,32,13125,2.2261145359989314,47.45759037500102,0.05,0.1,0.5,0.05,0,0,0,keep
22,1.128172545528412,59.42,1.1760565420150757,58.14,1.4945959733963012,0.3674664309391668,0.24586338882199368,0.05,32,13750,2.2407226059985987,49.70292684400192,0.05,0.1,0.5,0.05,0,0,0,keep
23,1.1141083817481994,59.83,1.217851305770874,56.14,1.5092491906166077,0.34531640471202646,0.22880012582330272,0.05,32,14375,2.2402030129997,51.947786463999364,0.05,0.1,0.5,0.05,0,1,0,keep
24,1.1002860060691833,60.445,1.3315713014602661,53.86,1.5337287014961243,0.35964596347214695,0.23449125201939847,0.05,32,15000,2.2722785900004965,54.222071560001496,0.05,0.1,0.5,0.05,0,2,0,keep
25,1.1071950308799743,60.23,1.1603147270202636,58.92,1.5659170256614685,0.3691208485120565,0.2357218437904768,0.05,32,15625,2.184523965999688,56.408590615999856,0.05,0.1,0.5,0.05,0,0,0,keep
26,1.0974440412521362,60.695,1.1549163833618163,58.76,1.5409784041404724,0.3799433451185367,0.24655981167381455,0.05,32,16250,2.152236283000093,58.56548339800065,0.05,0.1,0.5,0.05,0,0,0,keep
27,1.0959376216888428,60.875,1.3071640842437744,55.18,1.5628726855278015,0.3672851115208586,0.23500641793901902,0.05,32,16875,2.217883638000785,60.788064102001954,0.05,0.1,0.5,0.05,0,1,0,keep
28,1.100869583797455,60.475,1.2738181314468384,54.84,1.5591946849822997,0.3808203160460781,0.24424167149476717,0.05,32,17500,2.2366138770012185,63.02683178100051,0.05,0.1,0.5,0.05,0,2,0,keep
29,1.0890688756942748,60.925,1.2406050045013428,55.4,1.5668088247299194,0.38037115901536256,0.24276807292088537,0.05,32,18125,2.1519095889998425,65.18073084900243,0.025,0.1,0.25,0.025,0,0,2,worsening_decay
30,0.979628109073639,65.41,1.0305199295043945,63.58,1.593838097190857,0.3514773733251502,0.22052263272186132,0.025,32,18750,2.1482149250005023,67.33122885200282,0.025,0.1,0.25,0.025,0,0,1,cooldown
31,0.9823774966239929,64.935,1.1317733516693116,59.76,1.711278752040863,0.39405572014997575,0.23026974400272104,0.025,32,19375,2.2196328329991957,69.55576345600275,0.025,0.1,0.25,0.025,0,0,0,cooldown
32,0.9703123854637146,65.495,1.0269247722625732,63.08,1.788559526348114,0.3971048302953438,0.22202494490408803,0.025,32,20000,2.231023889999051,71.78900103400156,0.025,0.1,0.25,0.025,0,0,0,keep
33,0.9620612415790558,65.775,1.0582476711273194,62.24,1.8589981231689454,0.4116919623112838,0.2214590521529256,0.025,32,20625,2.3398999139972148,74.13357220000034,0.025,0.1,0.25,0.025,0,1,0,keep
34,0.9670961227416992,65.35,1.175706488418579,58.2,1.8861290583610535,0.40618019304924535,0.2153512196042296,0.025,32,21250,2.321220205998543,76.4569105920018,0.025,0.1,0.25,0.025,0,2,0,keep
35,0.9707372406959534,65.495,1.034139645576477,62.52,1.9178469276428223,0.4127906044522685,0.21523647091032644,0.025,32,21875,2.363497776997974,78.82247461500083,0.0125,0.1,0.125,0.0125,0,0,2,worsening_decay
36,0.8765276131629944,68.78,0.995233670425415,64.44,1.9229046071052551,0.4161009643045711,0.21639189108333046,0.0125,32,22500,2.3975907350031775,81.22231765700053,0.0125,0.1,0.125,0.0125,0,0,1,cooldown
37,0.8693542171955109,69.18,1.0588478679656983,62.14,2.053447419166565,0.41394449736030337,0.2015851457877163,0.0125,32,23125,2.290022395998676,83.51702594100061,0.0125,0.1,0.125,0.0125,0,0,0,cooldown
38,0.8717351559638977,69.54,1.0291878828048706,63.42,2.1244157864570616,0.45360695648749305,0.21352079916698913,0.0125,32,23750,2.5117661349977425,86.03089879400068,0.0125,0.1,0.125,0.0125,0,1,0,keep
39,0.8711528459548951,69.335,1.000360872077942,63.96,2.1852587507247927,0.4534947001831103,0.20752448653162492,0.0125,32,24375,2.378867205003189,88.41195971400157,0.0125,0.1,0.125,0.0125,0,2,0,keep
40,0.8725027264595032,69.335,1.0103655168533325,64.14,2.264126645088196,0.4833295047687291,0.2134728222103001,0.0125,32,25000,2.4309114569987287,90.84538954299933,0.00625,0.1,0.0625,0.00625,0,0,2,worsening_decay
41,0.8047692194938659,71.445,0.9054705543518067,68.24,2.193893523979187,0.42667075505105645,0.1944810677397805,0.00625,32,25625,2.226638123000157,93.07429559999946,0.00625,0.1,0.0625,0.00625,0,0,1,cooldown
42,0.7990287955760956,72.025,0.908467499256134,67.14,2.3295146699905396,0.47994167515842734,0.20602646608796432,0.00625,32,26250,2.2824613410011807,95.3615463540009,0.00625,0.1,0.0625,0.00625,0,0,0,cooldown
43,0.7973829379558564,71.835,1.003117720413208,64.84,2.454283840751648,0.5288425956859506,0.2154773571437328,0.00625,32,26875,2.295391534000373,97.65917678200276,0.00625,0.1,0.0625,0.00625,0,1,0,keep
44,0.7942357219219208,72.22,0.9509607021331787,66.74,2.495971799850464,0.5219617209582635,0.20912164191491492,0.00625,32,27500,2.418046439997852,100.07951195200076,0.00625,0.1,0.0625,0.00625,0,2,0,keep
45,0.792427534532547,72.215,0.9485114434242249,66.2,2.5502417345046995,0.532435565426155,0.2087784692023928,0.00625,32,28125,2.2426903060004406,102.32450030499967,0.003125,0.1,0.03125,0.003125,0,0,2,worsening_decay
46,0.752110340642929,73.595,0.8720593307495117,68.74,2.518751848602295,0.5006328286651553,0.1987622674868775,0.003125,32,28750,2.3164595310008735,104.64345225900252,0.003125,0.1,0.03125,0.003125,0,0,1,cooldown
47,0.7429247450351715,74.125,0.9123416836738586,66.92,2.6584367919921874,0.5315743272255783,0.199957482091205,0.003125,32,29375,2.256383468000422,106.90471018600147,0.003125,0.1,0.03125,0.003125,0,0,0,cooldown
48,0.7396801560878754,74.165,0.8590433756828308,69.28,2.6884726579666136,0.5124738231802801,0.19061894554199835,0.003125,32,30000,2.2452340309973806,109.15223107299971,0.003125,0.1,0.03125,0.003125,0,0,0,keep
49,0.7392675056934357,74.24,0.8958814509391785,67.52,2.753138927459717,0.5363787379478817,0.19482443570059724,0.003125,32,30625,2.29099781700279,111.4480072160004,0.003125,0.1,0.03125,0.003125,0,1,0,keep
50,0.7451019709587097,73.94,0.9036493468284607,68.42,2.850980716896057,0.5680590292117358,0.1992503933278084,0.003125,32,31250,2.242879940997227,113.69323406200056,0.003125,0.1,0.03125,0.003125,0,2,0,keep
51,0.7390320063114166,74.365,0.9032595848083496,67.86,2.8204826370239258,0.5801733602738891,0.20570002901555243,0.003125,32,31875,2.277318935997755,115.97291511300136,0.0015625,0.1,0.015625,0.0015625,0,0,2,worsening_decay
52,0.7078366223335266,75.5,0.8806489768981933,68.66,2.818441579055786,0.568343570663465,0.20165171238130317,0.0015625,32,32500,2.4289769470015017,118.40425848599989,0.0015625,0.1,0.015625,0.0015625,0,0,1,cooldown
53,0.7029868862628936,75.18,0.8720359854698181,68.96,2.9137129133224486,0.5748770787780484,0.1973005220072729,0.0015625,32,33125,2.247749975998886,120.65469058800227,0.0015625,0.1,0.015625,0.0015625,0,0,0,cooldown
54,0.7015399522304535,75.42,0.8710999996185302,68.94,2.9497508144378664,0.5956977236521933,0.20194849027120731,0.0015625,32,33750,2.1833313230017666,122.8404063199996,0.0015625,0.1,0.015625,0.0015625,0,1,0,keep
55,0.698479313659668,75.765,0.8606361410140991,69.16,3.0021595302581785,0.6135246151704713,0.2043610970658529,0.0015625,32,34375,2.2635336560015276,125.10642979499971,0.0015625,0.1,0.015625,0.0015625,0,2,0,keep
56,0.7007822823047638,75.635,0.8593710753440857,69.2,3.0227991439819335,0.5971280285405647,0.19754141777140055,0.0015625,32,35000,2.3205304439979955,127.42941706300189,0.0015625,0.1,0.015625,0.0015625,1,0,0,keep
57,0.6972779095649719,75.67,0.885098141002655,68.32,3.1231096323013308,0.6197357977188496,0.1984354924044038,0.0015625,32,35625,2.1780642949997855,129.61012857199967,0.0015625,0.1,0.015625,0.0015625,0,1,0,keep
58,0.6990340329170227,75.59,0.9023713660240174,67.52,3.1283006185531614,0.6134134577193155,0.1960852016846204,0.0015625,32,36250,2.2373936629992386,131.84997809800188,0.0015625,0.1,0.015625,0.0015625,0,2,0,keep
59,0.6909537865638733,75.975,0.8566231896400451,69.36,3.1684051908493043,0.6387986618023181,0.20161520491351168,0.0015625,32,36875,2.2359029690014722,134.08830084900183,0.0015625,0.1,0.015625,0.0015625,0,0,0,keep
60,0.6921711049556732,75.78,0.8397732882499694,70.0,3.1833152727127074,0.6630643955915473,0.20829366204318783,0.0015625,32,37500,2.251446237998607,136.34468447300242,0.0015625,0.1,0.015625,0.0015625,0,0,0,keep
