experiment,target_accuracy,first_epoch,first_seconds,sustained5_start_epoch,sustained5_confirmed_seconds
E1,0.3,21,85.99152600799971,21,102.37403552700016
E1,0.35,31,127.42341430400029,76,328.8012841560003
E1,0.4,,,,
E1,0.42,,,,
E1,0.44,,,,
E2,0.3,20,81.84116689799976,20,94.78779800800021
E2,0.35,27,103.71081903699996,31,125.3029483549999
E2,0.4,69,213.0153074359996,116,345.3458878450001
E2,0.42,153,430.2249805629999,,
E2,0.44,,,,
E3,0.3,16,66.72422717600057,21,103.99792157400043
E3,0.35,31,129.07756908200008,40,182.81475020800008
E3,0.4,54,224.68330415299988,65,285.34495583199987
E3,0.42,69,285.34495583199987,85,368.2895221300005
E3,0.44,,,,
E4,0.3,16,66.62404134000008,21,103.37262121300046
E4,0.35,31,127.12446077100049,39,162.1460821999999
E4,0.4,56,196.86796998200043,56,207.19401465100054
E4,0.42,75,246.29269437699986,90,295.49242280199996
E4,0.44,,,,
