epoch,train_loss,train_accuracy,val_loss,val_accuracy,gradient_norm_mean,gradient_norm_std,gradient_norm_cv,learning_rate,batch_size,optimizer_updates,epoch_time_seconds,elapsed_seconds,next_batch_size,batch_changed,batch_stability_score,batch_is_stable,batch_plateau_detected,batch_no_improve_epochs,batch_cooldown_remaining,batch_controller_reason,next_learning_rate,lr_base,decay_multiplier,actual_learning_rate,plateau_counter,worsening_counter,cooldown_counter,lr_change_reason,warmup_active,next_warmup_factor
1,4.17512790629069,5.724444444444444,3.9546395011901856,8.98,1.549495061153881,0.2784938511000137,0.17973200307747003,0.020000000000000004,32,1407,5.107005583005957,5.10706874699099,32,False,,False,False,0,0,insufficient_gradient_history,0.04000000000000001,0.1,1.0,0.04000000000000001,0,0,0,warmup,True,0.4
2,3.788596075100369,10.522222222222222,3.7202081554412842,11.28,1.5276861463189548,0.24799798752557242,0.162335691871642,0.04000000000000001,32,2814,4.440301460999763,9.553760921990033,32,False,,False,False,0,0,insufficient_gradient_history,0.06,0.1,1.0,0.06,0,0,0,warmup,True,0.6
3,3.5568711012098526,14.606666666666667,3.4837791889190672,16.26,1.5206744116760775,0.2429655709862347,0.1597748795669415,0.06,32,4221,4.447813825972844,14.016591812978731,32,False,0.16728085817201785,True,False,0,0,validation_improving,0.08000000000000002,0.1,1.0,0.08000000000000002,0,0,0,warmup,True,0.8
4,3.4054736554463703,17.186666666666667,3.3916658359527587,19.12,1.4640772640916924,0.23600400502448182,0.16119641415969707,0.08000000000000002,32,5628,4.563160567020532,18.583752575999824,32,False,0.1611023285327602,True,False,0,0,validation_improving,0.1,0.1,1.0,0.1,0,0,0,warmup,True,1.0
5,3.3363466498057046,18.297777777777778,3.5809946296691892,13.72,1.4143494580261404,0.22493840130216294,0.15904018630298547,0.1,32,7035,4.6445209399971645,23.23261606498272,32,False,0.16000382667654134,True,False,1,0,validation_improving,0.1,0.1,1.0,0.1,0,0,0,warmup,True,1.0
6,3.250525232272678,20.02888888888889,3.390726745223999,17.98,1.4331903889319875,0.20907943965926418,0.14588392531359642,0.1,32,8442,4.425677742023254,27.660132182994857,32,False,0.15537350859209298,True,False,2,0,validation_improving,0.1,0.1,1.0,0.1,1,0,0,keep,False,1.0
7,3.1978624962276885,21.102222222222224,3.4560505210876467,15.98,1.4678383225994747,0.21345554727037325,0.14542170209332578,0.1,32,9849,4.484648288984317,32.14893732598284,64,True,0.1501152712366359,True,True,0,2,plateau_and_stable,0.11486983549970352,0.11486983549970352,1.0,0.11486983549970352,0,1,0,keep,False,1.0
8,3.0108287878248428,24.551111111111112,3.2690173515319825,19.76,1.2996136702766472,0.21625712239526326,0.16640108313808552,0.11486983549970352,64,10553,3.4706788969924673,35.62147670000559,64,False,0.15256890351500257,True,False,0,1,cooldown,0.11486983549970352,0.11486983549970352,1.0,0.11486983549970352,0,0,0,keep,False,1.0
9,2.9849019512600368,25.25777777777778,3.1515364376068113,22.2,1.3785890041935174,0.2339728579037155,0.1697190803000937,0.11486983549970352,64,11257,3.389038184977835,39.014784261991736,64,False,0.16051395517716835,True,False,0,0,cooldown,0.11486983549970352,0.11486983549970352,1.0,0.11486983549970352,0,0,0,keep,False,1.0
10,2.9680387508392334,25.466666666666665,3.1245682609558108,23.36,1.4022337888282808,0.22338676662844248,0.1593077904754721,0.11486983549970352,64,11961,3.416350268991664,42.43532974200207,64,False,0.16514265130455044,True,False,0,0,validation_improving,0.11486983549970352,0.11486983549970352,1.0,0.11486983549970352,0,0,0,keep,False,1.0
11,2.9382278162638347,26.488888888888887,3.2719205352783205,21.46,1.410183755596253,0.22233560724053097,0.15766428052943035,0.11486983549970352,64,12665,3.3902665350178722,45.82968647198868,64,False,0.16223038376833207,True,False,1,0,validation_improving,0.11486983549970352,0.11486983549970352,1.0,0.11486983549970352,0,1,0,keep,False,1.0
12,2.9334252863989936,26.297777777777778,3.3017538707733154,20.18,1.4416036428037016,0.24076453685446997,0.16701160409532,0.11486983549970352,64,13369,3.458554937998997,49.29014488798566,64,False,0.16132789170007414,True,False,2,0,validation_improving,0.11486983549970352,0.11486983549970352,1.0,0.11486983549970352,0,2,0,keep,False,1.0
13,2.9189501056247287,26.466666666666665,3.124917892074585,23.16,1.4411728488789364,0.23010725821601538,0.1596666620487974,0.11486983549970352,64,14073,3.3798252459964715,52.67224599598558,128,True,0.16144751555784925,True,True,0,2,plateau_and_stable,0.13195079107728944,0.13195079107728944,1.0,0.13195079107728944,1,0,0,keep,False,1.0
14,2.750982777786255,30.288888888888888,2.8856005783081056,27.18,1.2676456983793865,0.22888952813376534,0.18056269857280083,0.13195079107728944,128,14425,3.1681854389898945,55.84249496698612,128,False,0.1690803215723061,True,False,0,1,maximum_batch_size,0.13195079107728944,0.13195079107728944,1.0,0.13195079107728944,0,0,0,keep,False,1.0
15,2.7400706541697186,30.186666666666667,2.846270816040039,28.7,1.3591364283453335,0.21350397213457611,0.1570879623867835,0.13195079107728944,128,14777,3.0953725420113187,58.942243586992845,128,False,0.1657724410027939,True,False,0,0,maximum_batch_size,0.13195079107728944,0.13195079107728944,1.0,0.13195079107728944,0,0,0,keep,False,1.0
16,2.72229723294576,30.44,2.978390002822876,26.0,1.395476589318026,0.25094158258083415,0.17982500351603195,0.13195079107728944,128,15129,3.091479928989429,62.03803657798562,128,False,0.17249188815853875,True,False,1,0,maximum_batch_size,0.13195079107728944,0.13195079107728944,1.0,0.13195079107728944,0,1,0,keep,False,1.0
17,2.730347325176663,30.442222222222224,2.8663114723205565,28.4,1.410993836481463,0.24585898064558429,0.17424525486128162,0.13195079107728944,128,15481,2.9963791990012396,65.03645912898355,128,False,0.17038607358803234,True,False,2,0,maximum_batch_size,0.13195079107728944,0.13195079107728944,1.0,0.13195079107728944,0,2,0,keep,False,1.0
18,2.7193031534406873,30.63111111111111,2.967006748580933,26.48,1.4260392829098485,0.2501112199170613,0.17538873081149017,0.13195079107728944,128,15833,2.9870486820000224,68.02552968100645,128,False,0.17648632972960124,True,True,3,0,maximum_batch_size,0.06597539553864472,0.13195079107728944,0.5,0.06597539553864472,0,0,2,worsening_decay,False,1.0
19,2.5319802639431424,34.5,2.7299841060638426,31.56,1.4518203899603,0.23773268900153638,0.16374800260786626,0.06597539553864472,128,16185,3.0097451109904796,71.03738940798212,128,False,0.17112732942687936,True,False,0,0,maximum_batch_size,0.06597539553864472,0.13195079107728944,0.5,0.06597539553864472,0,0,1,cooldown,False,1.0
20,2.5171031265258788,34.76444444444444,2.849815343093872,28.24,1.6201400838114999,0.26682883952792774,0.1646949187875337,0.06597539553864472,128,16537,3.006157756986795,74.04826737899566,128,False,0.1679438840689634,True,False,1,0,maximum_batch_size,0.06597539553864472,0.13195079107728944,0.5,0.06597539553864472,0,0,0,cooldown,False,1.0
21,2.5127560595618355,34.80444444444444,2.6837497776031496,32.68,1.6537290408530019,0.23860482214320547,0.14428290019021955,0.06597539553864472,128,16889,3.0099158310040366,77.06028668797808,128,False,0.15757527386187317,True,False,0,0,maximum_batch_size,0.06597539553864472,0.13195079107728944,0.5,0.06597539553864472,0,0,0,keep,False,1.0
22,2.5099993912590874,35.12222222222222,2.7572650398254392,30.26,1.6791326894678853,0.2465480687214828,0.14683060503066417,0.06597539553864472,128,17241,3.1397822209983133,80.20497048899415,128,False,0.15193614133613914,True,False,1,0,maximum_batch_size,0.06597539553864472,0.13195079107728944,0.5,0.06597539553864472,0,1,0,keep,False,1.0
23,2.5002233526441784,35.24666666666667,2.7438795139312746,31.36,1.716701634905555,0.24856139662912352,0.1447900972277302,0.06597539553864472,128,17593,3.2911793230159674,83.49833340800251,128,False,0.14530120081620465,True,False,2,0,maximum_batch_size,0.06597539553864472,0.13195079107728944,0.5,0.06597539553864472,0,2,0,keep,False,1.0
24,2.502038565911187,35.233333333333334,2.656584266281128,32.12,1.754394386641004,0.2688035241763052,0.15321727327844922,0.06597539553864472,128,17945,3.185020524979336,86.68627609498799,128,False,0.14827932517894785,True,False,0,0,maximum_batch_size,0.06597539553864472,0.13195079107728944,0.5,0.06597539553864472,0,0,0,keep,False,1.0
25,2.4919806038750543,35.34222222222222,2.667519651412964,32.6,1.7450598854232917,0.2565591470899098,0.1470202537075284,0.06597539553864472,128,18297,3.071189701993717,89.76218130099005,128,False,0.14834254140456926,True,False,1,0,maximum_batch_size,0.06597539553864472,0.13195079107728944,0.5,0.06597539553864472,0,1,0,keep,False,1.0
26,2.4911124788072376,35.35777777777778,2.71018618888855,31.64,1.769618466157805,0.27668534177220516,0.15635310495645308,0.06597539553864472,128,18649,3.0365435300045647,92.80103900798713,128,False,0.15219687731414355,True,False,2,0,maximum_batch_size,0.06597539553864472,0.13195079107728944,0.5,0.06597539553864472,0,2,0,keep,False,1.0
27,2.4780668090820313,35.544444444444444,2.686115394592285,30.72,1.7690767334266142,0.25155973039671087,0.14219831488559,0.06597539553864472,128,19001,3.023002894013189,95.8262893850042,128,False,0.1485238911831905,True,True,3,0,maximum_batch_size,0.03298769776932236,0.13195079107728944,0.25,0.03298769776932236,0,0,2,worsening_decay,False,1.0
28,2.317501154073079,39.03777777777778,2.545546142196655,34.52,1.77074951373718,0.2518739123521773,0.1422414126888299,0.03298769776932236,128,19353,3.0214157779992092,98.84985482500633,128,False,0.14693094417695765,True,False,0,0,maximum_batch_size,0.03298769776932236,0.13195079107728944,0.25,0.03298769776932236,0,0,1,cooldown,False,1.0
29,2.3018124496036108,39.76888888888889,2.5395902935028074,34.76,1.9234017594294115,0.2720637952181422,0.14144928062180318,0.03298769776932236,128,19705,3.0168744640250225,101.87119049200555,128,False,0.14196300273207438,True,False,1,0,maximum_batch_size,0.03298769776932236,0.13195079107728944,0.25,0.03298769776932236,0,0,0,cooldown,False,1.0
30,2.3113022115919324,39.29555555555555,2.509264613723755,34.68,2.00759695334868,0.2913136681740421,0.14510565364625833,0.03298769776932236,128,20057,3.0733064470114186,104.94939317100216,128,False,0.14293211565229713,True,False,0,0,maximum_batch_size,0.03298769776932236,0.13195079107728944,0.25,0.03298769776932236,0,0,0,keep,False,1.0
31,2.3031644365098742,39.58222222222222,2.6214872833251954,32.64,2.019063551994887,0.2762729163513558,0.13683220425541046,0.03298769776932236,128,20409,3.219237568002427,108.17333170000347,128,False,0.14112904617449065,True,False,1,0,maximum_batch_size,0.03298769776932236,0.13195079107728944,0.25,0.03298769776932236,0,1,0,keep,False,1.0
32,2.29979217054579,39.64666666666667,2.592068567276001,34.32,2.0450520722026173,0.27658239698824477,0.13524467212720762,0.03298769776932236,128,20761,3.074785642005736,111.25066734600114,128,False,0.1390608433429588,True,False,2,0,maximum_batch_size,0.03298769776932236,0.13195079107728944,0.25,0.03298769776932236,0,2,0,keep,False,1.0
33,2.3024613086276586,39.717777777777776,2.509106771469116,35.28,2.1238553689962085,0.3258046582821733,0.15340246941391494,0.03298769776932236,128,21113,3.0884404959797394,114.34144072598428,128,False,0.14182644859884433,True,True,3,0,maximum_batch_size,0.03298769776932236,0.13195079107728944,0.25,0.03298769776932236,0,0,0,keep,False,1.0
34,2.311089455880059,39.55111111111111,2.4848736305236816,36.1,2.1631547148254784,0.31916965127172836,0.14754823087045402,0.03298769776932236,128,21465,3.008594223007094,117.35488939698553,128,False,0.14539845747052552,True,False,0,0,maximum_batch_size,0.03298769776932236,0.13195079107728944,0.25,0.03298769776932236,0,0,0,keep,False,1.0
35,2.295096485349867,39.89555555555555,2.486874636077881,35.9,2.1417481689290567,0.3271445034629112,0.15274648448810918,0.03298769776932236,128,21817,3.0325031540123746,120.39478403999237,128,False,0.15123239492415938,True,False,1,0,maximum_batch_size,0.03298769776932236,0.13195079107728944,0.25,0.03298769776932236,0,1,0,keep,False,1.0
36,2.2940427341037326,39.88444444444445,2.518076021575928,35.54,2.1495240080085667,0.3325895990354751,0.15472709204278626,0.03298769776932236,128,22169,3.029615791980177,123.42698300399934,128,False,0.15167393580044983,True,False,2,0,maximum_batch_size,0.03298769776932236,0.13195079107728944,0.25,0.03298769776932236,0,2,0,keep,False,1.0
37,2.2792460602230498,40.062222222222225,2.5469697734832764,34.14,2.1767128208144144,0.304454928653625,0.13986913006722387,0.03298769776932236,128,22521,3.008509339997545,126.43785766197834,128,False,0.14911423553270645,True,True,3,0,maximum_batch_size,0.01649384888466118,0.13195079107728944,0.125,0.01649384888466118,0,0,2,worsening_decay,False,1.0
38,2.1615441589779323,43.09111111111111,2.552018025970459,35.04,2.0958043174310164,0.2513090517955663,0.11991055162225002,0.01649384888466118,128,22873,2.9636782750021666,129.4039468279807,128,False,0.13816892457742005,True,True,4,0,maximum_batch_size,0.01649384888466118,0.13195079107728944,0.125,0.01649384888466118,0,0,1,cooldown,False,1.0
39,2.1458019187079533,43.2,2.4376328758239745,36.82,2.231885066086596,0.2770347328215106,0.12412589565247696,0.01649384888466118,128,23225,2.9058697600266896,132.31229611800518,128,False,0.1279685257806503,True,False,0,0,maximum_batch_size,0.01649384888466118,0.13195079107728944,0.125,0.01649384888466118,0,0,0,cooldown,False,1.0
40,2.140976969909668,43.20444444444445,2.40495496673584,38.26,2.3271199972792105,0.29964933698047225,0.12876402477340373,0.01649384888466118,128,23577,2.8740324059908744,135.19108937098645,128,False,0.12426682401604357,True,False,0,0,maximum_batch_size,0.01649384888466118,0.13195079107728944,0.125,0.01649384888466118,0,0,0,keep,False,1.0
