experiment,target_accuracy,first_epoch,training_seconds
E1,0.3,21.0,83.48988879300032
E1,0.35,31.0,123.40212934800002
E1,0.4,,
E1,0.42,,
E1,0.44,,
E2,0.3,20.0,78.18153794799946
E2,0.35,27.0,98.27944762199968
E2,0.4,69.0,204.7840114669998
E2,0.42,153.0,415.49115100699964
E2,0.44,,
E3,0.3,21.0,91.59245792999991
E3,0.35,31.0,133.92301447199998
E3,0.4,69.0,299.17114167299997
E3,0.42,80.0,346.39641335900023
E3,0.44,116.0,501.8377614599999
E4,0.3,19.0,73.47065072300029
E4,0.35,33.0,112.85277754300023
E4,0.4,42.0,136.66831583600015
E4,0.42,80.0,232.0049930690002
E4,0.44,,
