epoch,train_loss,train_accuracy,val_loss,val_accuracy,gradient_norm_mean,gradient_norm_std,gradient_norm_cv,learning_rate,batch_size,optimizer_updates,epoch_time_seconds,elapsed_seconds,next_learning_rate,lr_base,decay_multiplier,actual_learning_rate,plateau_counter,worsening_counter,cooldown_counter,lr_change_reason,warmup_active,next_warmup_factor
1,4.3586254336039225,4.046666666666667,4.137487609863281,6.56,0.999833666804162,0.15417933355587926,0.1542049829633555,0.015157165665103983,256,176,3.3725824400025886,3.372599653986981,0.015157165665103983,0.015157165665103983,1.0,0.015157165665103983,0,0,0,keep,False,1.0
2,4.003065277311537,8.346666666666666,3.9350935550689696,9.56,1.4867914891378446,0.3446955050985949,0.23183849760819109,0.015157165665103983,256,352,2.6546744079969358,6.032989150000503,0.015157165665103983,0.015157165665103983,1.0,0.015157165665103983,0,0,0,keep,False,1.0
3,3.7993249917772083,11.026666666666667,3.8335479721069334,10.5,1.9570788368582726,0.42960114905730007,0.2195114172031647,0.015157165665103983,256,528,2.6094170570140705,8.656964022986358,0.015157165665103983,0.015157165665103983,1.0,0.015157165665103983,0,0,0,keep,False,1.0
4,3.6468048433091904,13.46888888888889,3.611915775680542,13.6,2.37211426212029,0.5577734011884329,0.23513766182984694,0.015157165665103983,256,704,2.7415604099805932,11.40250552201178,0.015157165665103983,0.015157165665103983,1.0,0.015157165665103983,0,0,0,keep,False,1.0
5,3.5077206079271104,15.833333333333334,3.539023926925659,15.18,2.530843883752823,0.5592861309796064,0.2209880011050135,0.015157165665103983,256,880,2.734062169009121,14.140811997989658,0.015157165665103983,0.015157165665103983,1.0,0.015157165665103983,0,0,0,keep,False,1.0
6,3.4067273884243434,17.628888888888888,3.4250296485900877,17.02,2.9248930026184428,0.6747886808959346,0.23070542419555687,0.015157165665103983,256,1056,2.7493392390024383,16.89422360100434,0.015157165665103983,0.015157165665103983,1.0,0.015157165665103983,0,0,0,keep,False,1.0
7,3.3012765299479168,19.75777777777778,3.447009094238281,16.52,2.793780886314132,0.6429629989424649,0.23014081100343678,0.015157165665103983,256,1232,2.662797236989718,19.561293098988244,0.015157165665103983,0.015157165665103983,1.0,0.015157165665103983,0,1,0,keep,False,1.0
8,3.2269985892825654,20.997777777777777,3.3132052768707276,19.18,3.0071243792772293,0.6782095519878903,0.22553425347529998,0.015157165665103983,256,1408,2.765355687995907,22.328212441992946,0.015157165665103983,0.015157165665103983,1.0,0.015157165665103983,0,0,0,keep,False,1.0
9,3.1507233995225694,22.133333333333333,3.4254315437316896,17.24,2.9775473367084158,0.7248806652099531,0.2434489139007416,0.015157165665103983,256,1584,2.8146110090019647,25.147158820007462,0.015157165665103983,0.015157165665103983,1.0,0.015157165665103983,0,1,0,keep,False,1.0
10,3.074770451312595,23.92,3.2872090427398684,20.78,2.870190680027008,0.619170539899653,0.21572453154701587,0.015157165665103983,256,1760,2.804062357987277,27.953316636994714,0.015157165665103983,0.015157165665103983,1.0,0.015157165665103983,0,0,0,keep,False,1.0
11,3.018731514867147,25.09111111111111,3.1498986083984377,22.58,3.0168003527955576,0.6818347265397955,0.22601254534717166,0.015157165665103983,256,1936,2.7729212749982253,30.73058587301057,0.015157165665103983,0.015157165665103983,1.0,0.015157165665103983,0,0,0,keep,False,1.0
12,2.9777185482449,25.822222222222223,3.1399367534637452,22.42,3.136455975472927,0.7192983292653293,0.22933474433883655,0.015157165665103983,256,2112,2.781020159018226,33.51602158200694,0.015157165665103983,0.015157165665103983,1.0,0.015157165665103983,0,0,0,keep,False,1.0
13,2.937116206656562,26.322222222222223,3.2619125659942627,21.36,3.0386535782705653,0.6158999607006669,0.2026884423761792,0.015157165665103983,256,2288,2.7831260340171866,36.303671717992984,0.015157165665103983,0.015157165665103983,1.0,0.015157165665103983,0,1,0,keep,False,1.0
14,2.8868540987650553,27.535555555555554,3.129112673568726,23.48,3.054778694429181,0.6886375388278032,0.22542959988669728,0.015157165665103983,256,2464,2.764648884010967,39.070085101993755,0.015157165665103983,0.015157165665103983,1.0,0.015157165665103983,0,0,0,keep,False,1.0
15,2.839449494594998,28.58222222222222,3.0263733055114748,24.98,2.912809594111009,0.48933576597713024,0.16799442262421815,0.015157165665103983,256,2640,2.8415131559886504,41.916148352000164,0.015157165665103983,0.015157165665103983,1.0,0.015157165665103983,0,0,0,keep,False,1.0
16,2.813029172431098,29.182222222222222,3.071047955322266,24.54,3.1441746536980975,0.6276681486970481,0.1996289067334734,0.015157165665103983,256,2816,2.88898820700706,44.8097551339888,0.015157165665103983,0.015157165665103983,1.0,0.015157165665103983,0,1,0,keep,False,1.0
17,2.7620819486406116,30.124444444444446,3.035255881500244,24.76,2.990378238260746,0.48978440597425615,0.16378677443123688,0.015157165665103983,256,2992,2.899033067980781,47.710611613991205,0.015157165665103983,0.015157165665103983,1.0,0.015157165665103983,0,2,0,keep,False,1.0
18,2.733619158045451,30.633333333333333,2.9610117778778076,25.96,3.0950045016678898,0.6006724477450753,0.19407805301128978,0.015157165665103983,256,3168,2.8998134509893134,50.61227147199679,0.015157165665103983,0.015157165665103983,1.0,0.015157165665103983,0,0,0,keep,False,1.0
19,2.7147549710591634,31.124444444444446,2.9833127544403077,26.26,3.1674316742203454,0.5985652733402342,0.18897495981105272,0.015157165665103983,256,3344,2.9258120960148517,53.542745554994326,0.015157165665103983,0.015157165665103983,1.0,0.015157165665103983,0,0,0,keep,False,1.0
20,2.689159661441379,31.575555555555557,2.962954783630371,26.5,3.1502153643152933,0.7026649876828078,0.2230530000082425,0.015157165665103983,256,3520,2.9044364770234097,56.449270398996305,0.015157165665103983,0.015157165665103983,1.0,0.015157165665103983,0,0,0,keep,False,1.0
21,2.651701258722941,32.22666666666667,2.8438625114440916,28.58,3.104619515890425,0.6146280321848343,0.19797209578783345,0.015157165665103983,256,3696,2.867394429020351,59.3184680469858,0.015157165665103983,0.015157165665103983,1.0,0.015157165665103983,0,0,0,keep,False,1.0
22,2.633389058770074,32.73777777777778,2.916322378540039,26.34,3.168186718090014,0.6251314707378061,0.19731522361613776,0.015157165665103983,256,3872,2.855335843982175,62.17809552900144,0.015157165665103983,0.015157165665103983,1.0,0.015157165665103983,0,1,0,keep,False,1.0
23,2.6106461267683243,33.14,2.8712839054107664,27.92,3.093420521779494,0.5262758072076221,0.1701274700617526,0.015157165665103983,256,4048,2.8401137810142245,65.02009273000294,0.015157165665103983,0.015157165665103983,1.0,0.015157165665103983,0,2,0,keep,False,1.0
24,2.584334208340115,33.80888888888889,2.9770449115753173,26.46,3.235414718362418,0.5998803637523746,0.1854106555019365,0.015157165665103983,256,4224,2.8578609869873617,67.87988689501071,0.007578582832551991,0.015157165665103983,0.5,0.007578582832551991,0,0,2,worsening_decay,False,1.0
25,2.488357548904419,35.897777777777776,2.7765549961090086,30.04,2.834481857039712,0.47683976375646503,0.16822819400731698,0.007578582832551991,256,4400,2.9374650539830327,70.8194931029866,0.007578582832551991,0.015157165665103983,0.5,0.007578582832551991,0,0,1,cooldown,False,1.0
26,2.4649146339840358,36.53111111111111,2.847240628051758,29.38,2.920577475293116,0.5405207899381586,0.18507325846020417,0.007578582832551991,256,4576,2.829660540999612,73.653727108991,0.007578582832551991,0.015157165665103983,0.5,0.007578582832551991,0,0,0,cooldown,False,1.0
27,2.4550091353098553,36.611111111111114,2.736918196487427,30.98,3.1007754992355,0.6641566430174203,0.21419049627454637,0.007578582832551991,256,4752,2.801056302007055,76.45674540201435,0.007578582832551991,0.015157165665103983,0.5,0.007578582832551991,0,0,0,keep,False,1.0
28,2.44168526924981,36.86666666666667,2.831136254501343,29.38,3.1168538331985474,0.5387981529482083,0.172866031512012,0.007578582832551991,256,4928,2.7191301949787885,79.18023351399461,0.007578582832551991,0.015157165665103983,0.5,0.007578582832551991,0,1,0,keep,False,1.0
29,2.432119628016154,37.08,2.785178706359863,29.66,3.2379003803838384,0.5465984687951901,0.1688126268820613,0.007578582832551991,256,5104,2.717698983993614,81.89989875699393,0.007578582832551991,0.015157165665103983,0.5,0.007578582832551991,0,2,0,keep,False,1.0
30,2.4295073549482558,37.16888888888889,2.777268909072876,29.72,3.3327171992171896,0.5504394866142289,0.16516237463633415,0.007578582832551991,256,5280,2.7067815990012605,84.60870529600652,0.0037892914162759956,0.015157165665103983,0.25,0.0037892914162759956,0,0,2,worsening_decay,False,1.0
31,2.3599004341549343,38.78888888888889,2.677431587982178,32.52,2.841737184334885,0.41402386891528026,0.145693933695715,0.0037892914162759956,256,5456,2.7707961609994527,87.38176176100387,0.0037892914162759956,0.015157165665103983,0.25,0.0037892914162759956,0,0,1,cooldown,False,1.0
32,2.354465814505683,38.91555555555556,2.7019737270355226,31.38,2.9635111025788565,0.403780658460401,0.13625076623093924,0.0037892914162759956,256,5632,2.6544306579744443,90.04054178801016,0.0037892914162759956,0.015157165665103983,0.25,0.0037892914162759956,0,0,0,cooldown,False,1.0
33,2.3417618068695067,39.166666666666664,2.651702604293823,33.24,2.983820816332644,0.42894530346707715,0.1437570584396357,0.0037892914162759956,256,5808,2.7027926980226766,92.74535144100082,0.0037892914162759956,0.015157165665103983,0.25,0.0037892914162759956,0,0,0,keep,False,1.0
34,2.3378672140333387,39.40222222222222,2.6906589138031007,31.8,3.2088686295531015,0.5242440107819009,0.1633734724923123,0.0037892914162759956,256,5984,2.901911802997347,95.65234706900083,0.0037892914162759956,0.015157165665103983,0.25,0.0037892914162759956,0,1,0,keep,False,1.0
35,2.332404798634847,39.6,2.608237570953369,33.14,3.2954729917374523,0.61233409053038,0.1858106839490003,0.0037892914162759956,256,6160,2.747815681010252,98.40230119301123,0.0037892914162759956,0.015157165665103983,0.25,0.0037892914162759956,0,0,0,keep,False,1.0
36,2.3254746231926813,39.49777777777778,2.6218336643218993,33.58,3.26985918933695,0.5089726371521831,0.15565582726369176,0.0037892914162759956,256,6336,2.801792509009829,101.20865218300605,0.0037892914162759956,0.015157165665103983,0.25,0.0037892914162759956,0,0,0,keep,False,1.0
37,2.317477485020955,39.77333333333333,2.6496990047454836,32.08,3.2305402660911735,0.5188618379668062,0.1606114752423278,0.0037892914162759956,256,6512,2.928024605003884,104.13882456999272,0.0037892914162759956,0.015157165665103983,0.25,0.0037892914162759956,0,1,0,keep,False,1.0
38,2.3220166441175674,39.63333333333333,2.66062021446228,31.68,3.5124237821860747,0.5342782061720128,0.15211097501433463,0.0037892914162759956,256,6688,2.8814423069998156,107.02280840300955,0.0037892914162759956,0.015157165665103983,0.25,0.0037892914162759956,0,2,0,keep,False,1.0
39,2.317923779763116,39.72666666666667,2.613961245727539,33.26,3.4711558629165995,0.5836559198173588,0.16814454402712425,0.0037892914162759956,256,6864,2.941985707002459,109.96703615601291,0.0018946457081379978,0.015157165665103983,0.125,0.0018946457081379978,0,0,2,worsening_decay,False,1.0
40,2.2705046864827474,40.85777777777778,2.5931166606903076,33.62,3.0507311766797844,0.39750285832015053,0.13029756976248436,0.0018946457081379978,256,7040,2.983529600984184,112.95304925099481,0.0018946457081379978,0.015157165665103983,0.125,0.0018946457081379978,0,0,1,cooldown,False,1.0
