epoch,train_loss,train_accuracy,val_loss,val_accuracy,gradient_norm_mean,gradient_norm_std,gradient_norm_cv,learning_rate,batch_size,optimizer_updates,epoch_time_seconds,elapsed_seconds
1,2.2273985010147093,15.95,2.03472163772583,21.8,1.8810706299781799,1.1512681480713014,0.6120281342567365,0.01,32,625,5.937446944997646,5.937461887020618
2,1.98538005027771,24.66,1.8950340772628784,27.42,2.1163803272247312,0.7722858141232983,0.36490880405019327,0.01,32,1250,5.374303246993804,11.33151100401301
3,1.8780659866333007,28.905,1.8105480758666992,31.86,2.375822190093994,0.7848110314906608,0.33033239388141294,0.01,32,1875,5.569868303020485,16.925016442022752
4,1.7844443075180054,32.33,1.7137045108795166,33.98,2.6202353176116944,0.7803458545507286,0.29781518068449836,0.01,32,2500,5.5381828249956015,22.48457904200768
5,1.7280972826004029,34.93,1.66813916721344,37.48,2.5597942193984986,0.7305444740070672,0.2853918758275989,0.01,32,3125,5.674331267015077,28.181222710001748
6,1.6509409927368164,38.38,1.6096322216033936,39.64,2.681544244003296,0.7177863374779411,0.2676764849518519,0.01,32,3750,5.9175506479805335,34.11933245899854
7,1.595391743850708,40.645,1.6465920427322387,40.56,2.808613029098511,0.7785020305905205,0.2771837994499803,0.01,32,4375,5.940033018996473,40.08008434102521
8,1.5365109148025513,43.17,1.5503271774291991,41.62,2.829797285079956,0.6876353861579286,0.24299810795042742,0.01,32,5000,5.828977327997563,45.91072489100043
9,1.496017957687378,45.085,1.4678927780151367,45.74,2.945996209716797,0.7416953824873996,0.25176386175949905,0.01,32,5625,5.4305091650167014,51.361378143017646
10,1.4420200462341308,47.125,1.4917640199661255,45.4,3.0727326477050783,0.7709508775191191,0.25090073426813286,0.01,32,6250,5.416744749993086,56.79797036800301
11,1.3930377473831177,49.1,1.4171355764389038,48.84,3.2344113410949706,0.7888248646496596,0.24388514059017882,0.01,32,6875,5.576656413992168,62.37634153000545
12,1.3480262342453002,51.335,1.3381530513763429,51.08,3.3063603790283205,0.8608563794431876,0.2603637476734818,0.01,32,7500,5.404674560006242,67.8033208620036
13,1.3024365736961365,53.13,1.3627035266876222,50.52,3.4127332538604738,0.8836714979668377,0.2589336558803628,0.01,32,8125,5.414740697015077,73.23811476002447
14,1.2541199254989623,55.43,1.2135428596496582,57.16,3.4464161273956297,0.8122404082953851,0.23567682435055778,0.01,32,8750,5.479884502012283,78.71952469801181
15,1.2148042887687682,56.62,1.2205788185119628,56.6,3.548949794960022,0.8639645599028369,0.24344231669028887,0.01,32,9375,5.459035241015954,84.1987906639988
16,1.1949112579345702,57.315,1.2394275386810303,56.0,3.541421734046936,0.9071071285551373,0.2561420798415586,0.01,32,10000,5.3874461490195245,89.58778350101784
17,1.161516334629059,58.825,1.1613502811431884,58.04,3.5638324754714965,0.8105824331464403,0.22744683952602807,0.01,32,10625,5.643713179015322,95.23298120399704
18,1.114728630542755,60.27,1.1055975784301757,60.76,3.639355830383301,0.8327895514541527,0.22882883407589566,0.01,32,11250,5.396675884985598,100.65031234300113
19,1.079634305381775,61.585,1.279387010383606,57.46,3.689744088554382,0.8484616888004195,0.22995136476595354,0.01,32,11875,5.422960167983547,106.09395383900846
20,1.0478087017059325,63.21,1.0867515365600586,60.68,3.74443658618927,0.8923583317018279,0.23831578160327363,0.01,32,12500,5.389149610971799,111.48468196901376
21,1.0225623767852783,63.61,1.095897891998291,61.72,3.774650475502014,0.8440976103932325,0.22362272106286799,0.01,32,13125,5.3736684400064405,116.87875901901862
22,1.0014752125740052,64.705,1.1214302616119385,61.78,3.814558986854553,0.8876306786691703,0.2326954915962301,0.01,32,13750,5.514260143012507,122.39461383302114
23,0.9628609894275665,66.39,1.001174331665039,64.86,3.7967593650817872,0.9035975366516106,0.2379917845101326,0.01,32,14375,5.330945495021297,127.72721041500336
24,0.9237218489646911,68.015,1.074027186012268,62.28,3.9145257034301757,0.8894403708453594,0.22721536099909717,0.01,32,15000,5.422185242001433,133.17189404100645
25,0.9161870940208435,68.345,0.8831289272308349,70.42,3.9590882188796996,0.8978988260504734,0.2267943466802375,0.01,32,15625,5.388948209001683,138.56254250800703
26,0.8878822926521301,69.435,0.8858687717437744,70.08,3.979671028518677,0.904580026523903,0.22730020145920973,0.01,32,16250,5.390392389992485,143.97351066200645
27,0.8656188899517059,70.22,0.8521159520149231,71.08,4.024223799514771,0.9494979241182888,0.23594560626388136,0.01,32,16875,5.35179573300411,149.32692818701616
28,0.8469916902065278,71.005,0.8848598545074463,70.8,4.08536629447937,0.946471812289726,0.23167367233838465,0.01,32,17500,5.454107780999038,154.80224571502185
29,0.8046852603435516,72.46,0.7880039185523987,74.3,4.052831598091125,0.8996758696777329,0.22198698561797048,0.01,32,18125,5.2723162259790115,160.07662862702273
30,0.7980972852230072,72.81,0.8955782870292663,69.22,4.103366027450561,0.9698013357089761,0.23634287782786012,0.01,32,18750,5.315251830994384,165.41642046300694
31,0.7693259340047837,73.805,0.7570547158241272,74.94,4.11090425453186,0.9028058811780502,0.21961248068051634,0.01,32,19375,5.336029308004072,170.754193811008
32,0.7467994811534882,74.865,0.8563226388931274,71.54,4.132438837814331,1.008312286138015,0.24399932478397493,0.01,32,20000,5.354297081998084,176.13078672499978
33,0.7233954880714416,75.345,0.7815252323150634,74.16,4.195060806274414,0.919238783746689,0.21912406665753084,0.01,32,20625,5.48187190797762,181.61440857301932
34,0.7064915227413178,76.055,0.7345209397315979,74.92,4.173245087623596,0.9416680792750415,0.22564408739555655,0.01,32,21250,5.390720844006864,187.00702865800122
35,0.6807302515506745,77.18,0.7631995671272278,74.1,4.123866487884522,0.9306066147957703,0.22566361387536849,0.01,32,21875,5.273944617016241,192.3019546540163
36,0.6908331230640411,76.755,0.7262596582412719,75.72,4.214531556129455,0.9917098071080835,0.23530724444702353,0.01,32,22500,5.351364597998327,197.65505870900233
37,0.6539647144079208,77.97,0.8307710435867309,72.94,4.203598779296875,0.9597227673969796,0.22830979305719598,0.01,32,23125,5.338800919009373,203.01488305901876
38,0.6497889074087143,78.065,0.7271612406730652,75.58,4.251149133110046,0.9496372145978405,0.22338365107010102,0.01,32,23750,5.29007780799293,208.3067369130149
39,0.6363460102558136,78.695,0.6588591553688049,78.28,4.182156565284729,0.9402873943210248,0.22483314042471372,0.01,32,24375,5.532817188010085,213.84129421800026
40,0.6211497425079345,79.14,0.7842221011161804,73.98,4.23912562046051,0.9722885041529371,0.22936062556388334,0.01,32,25000,5.25099362101173,219.11249108801712
41,0.6125337132930756,79.74,0.6501558194160462,78.32,4.220230699920655,1.0100177165275224,0.23932760750408089,0.01,32,25625,5.3324998680036515,224.4468100000231
42,0.6193767930030822,79.16,0.6595878265380859,77.82,4.332332957458496,1.029394148902221,0.23760734897574987,0.01,32,26250,5.355535476992372,229.82468496300862
43,0.5936092118144035,79.935,0.6050867935180664,80.18,4.286324840927124,0.9787306905386498,0.22833796477420593,0.01,32,26875,5.326345086999936,235.15288873700774
44,0.5877343116641045,80.45,0.6379593796730042,78.18,4.347065606689453,1.0616185990842986,0.2442149935465408,0.01,32,27500,5.349293735984247,240.52406978199724
45,0.562130720448494,81.37,0.6416822514533996,79.0,4.286630039596558,0.9649480702765635,0.22510644990654613,0.01,32,28125,5.381019827997079,245.90701389801688
46,0.5601451335191727,81.33,0.6546857055664063,78.46,4.326732958412171,0.9623149383307656,0.22241144706182528,0.01,32,28750,5.347977641999023,251.25691864499822
47,0.5382159066438675,82.325,0.7705566290855408,75.12,4.284389480781555,0.9964959388084551,0.2325876168070608,0.01,32,29375,5.288375578005798,256.54717952699866
48,0.5244963535785675,82.52,0.715574151134491,77.44,4.282726582145691,1.0177918612028822,0.2376504410638141,0.01,32,30000,5.285701287997654,261.83510499901604
49,0.5416899949789047,82.265,0.6850736564636231,77.64,4.3653257347106935,0.9925603540212604,0.22737372062037284,0.01,32,30625,5.272610407002503,267.1096285399981
50,0.5224450436115264,82.5,0.758273169708252,75.2,4.401752827262879,1.1226637344945394,0.2550492448237683,0.01,32,31250,5.457697771984385,272.5692283399985
51,0.5203664630174637,82.68,0.5809082233428955,80.84,4.330740951538086,1.0616431994488134,0.2451412382612079,0.01,32,31875,5.385521661984967,277.9569367720105
52,0.5191308940887451,82.775,0.6121132280349731,79.32,4.484527850723267,1.1124632332841446,0.24806696943681103,0.01,32,32500,5.375296546990285,283.35370779500226
53,0.4966707018136978,83.35,0.5641179406642913,81.06,4.342743495559692,1.009999768889898,0.23257182237964455,0.01,32,33125,5.320102865982335,288.67578263001633
54,0.5043983607769013,83.07,0.6725891236305237,78.18,4.38093193283081,1.1247882374757858,0.2567463395279755,0.01,32,33750,5.374899899994489,294.0713768550195
55,0.498983234500885,83.43,0.6285685723304748,80.2,4.426556234359741,1.1209271151613147,0.25322780414721036,0.01,32,34375,5.241524345998187,299.315037657012
56,0.48394710685014725,83.605,0.5667974456787109,81.0,4.408678823089599,1.112107512943684,0.25225414632587534,0.01,32,35000,5.379343655979028,304.6963278830226
57,0.49530133328437803,83.24,0.6291403816223144,80.06,4.532824061775208,1.1945233654406162,0.26352740568813005,0.01,32,35625,5.224493707995862,309.9227793290047
58,0.48525875631570814,83.76,0.6190441076278687,79.64,4.3947028739929195,1.061223822880497,0.24147794590628457,0.01,32,36250,5.231294198980322,315.1561061020184
59,0.4652638863682747,84.4,0.6324553863525391,79.96,4.381053364372254,1.122231681913747,0.2561556750346253,0.01,32,36875,5.296985147986561,320.45506939300685
60,0.4685763496041298,84.26,0.5306123014450074,82.28,4.434933562088013,1.1120284061655017,0.25074296843393895,0.01,32,37500,5.335112711007241,325.7921641150024
61,0.46560340663194655,84.475,0.5646978797912597,81.24,4.566190170288086,1.193639345677435,0.2614081545363814,0.01,32,38125,5.399102040013531,331.2138641580241
62,0.4658464609026909,84.485,0.6659907318115235,78.42,4.558321678733826,1.1429426978915307,0.25073761319292354,0.01,32,38750,5.268134568003006,336.48397992301034
63,0.45275859127044676,85.045,0.7317923788070678,76.54,4.384351454353332,1.0854404294734057,0.247571491650241,0.01,32,39375,5.236568158987211,341.7228503120132
64,0.45317196654081343,84.645,0.5769622128486633,81.6,4.536253023338318,1.181158281646208,0.26038192216551226,0.01,32,40000,5.339186947996495,347.0640379039978
65,0.45808019847869874,84.875,0.549729234790802,81.82,4.458747199440002,1.2229139214214788,0.2742729889630874,0.01,32,40625,5.33842123998329,352.40455635701073
66,0.4519562419176102,85.07,0.5810095852851868,80.64,4.499388473892212,1.1049210610834495,0.24557138542149215,0.01,32,41250,5.304402087000199,357.7113241710176
67,0.4439662863373756,85.14,0.5812725456237793,81.5,4.4894224557876585,1.2530015786814266,0.279100840034737,0.01,32,41875,5.4406938049942255,363.1542161810212
68,0.43638754777908323,85.555,0.6641983653068543,78.22,4.567300271224975,1.103489060255497,0.24160641839282737,0.01,32,42500,5.26389037098852,368.4201748620253
69,0.43886960328817365,85.225,0.5867212781429291,80.06,4.465156783866882,1.129013584559259,0.2528497070110193,0.01,32,43125,5.300859921000665,373.72324524002033
70,0.43174068417549133,85.47,0.6073881259441376,80.74,4.533766462707519,1.171618004142754,0.25842045764369104,0.01,32,43750,5.283404466987122,379.0087376870215
71,0.4169018758058548,86.235,0.5534965900421143,82.26,4.440459751129151,1.1213233060384233,0.25252414589571115,0.01,32,44375,5.3367265239940025,384.3476949580072
72,0.4192606872200966,86.12,0.6819848504066467,78.04,4.562975299835205,1.2468090304873576,0.27324474680634664,0.01,32,45000,5.451614849007456,389.80154850901454
73,0.4218105404138565,86.18,0.8076692846298218,74.72,4.485758642101288,1.2091342434100476,0.26954955446362955,0.01,32,45625,5.428781839989824,395.2324949199974
74,0.4212028001070023,86.035,0.5239792404174805,82.88,4.562734037017822,1.1602510094637803,0.25428854718471816,0.01,32,46250,5.3248574909812305,400.5595071920252
75,0.41462007901668546,86.26,0.5825802145957947,81.58,4.494014492988587,1.144551090024664,0.25468344434805457,0.01,32,46875,5.314849308022531,405.8972772860143
76,0.4086539296925068,86.295,0.5355578661441803,81.8,4.5452110290527346,1.2371131318381703,0.27217947064071174,0.01,32,47500,5.335154320026049,411.23458336500335
77,0.4157490115404129,86.275,0.5308237697601318,83.58,4.571025317001343,1.2156566599673146,0.2659483541789999,0.01,32,48125,5.34395566501189,416.5807749009982
78,0.40519279788732526,86.545,0.5611703624725342,81.98,4.564733679008484,1.2320243936116175,0.26990060762514373,0.01,32,48750,5.437155275983969,422.0203611640027
79,0.41653971548080443,86.145,0.5560592404842377,82.12,4.644561689949036,1.2529176560241702,0.26976014953902966,0.01,32,49375,5.414400845009368,427.4369843180175
80,0.41268197311162946,86.435,0.5982595662117004,81.34,4.548512313270569,1.2132294129010242,0.26673103848946056,0.01,32,50000,5.320331869996153,432.75956471901736
